dataset_name,cardinality,AVG area,AVG x,AVG y,E0,E2,block_size,total_area,total_margin,total_overlap,size_std,block_util
large_aws/Uniform_001.csv,21504000,2.1e-07,0.0007,0.0003,2.0,1.999,33554432.0,1.6249824958197667,26.94944621177021,0.6239831621514836,922467.4508930544,0.629664760978916
large_aws/Uniform_002.csv,16128000,1.5e-06,0.001,0.0015,2.0,1.999,33554432.0,1.5548286425826148,20.664518228923086,0.5523293542122261,901711.936065921,0.6591328785084841
large_aws/Uniform_003.csv,10752000,1e-09,5e-05,2e-05,2.0,1.996,33554432.0,1.2055782638658734,13.52083382881282,0.2055095483548968,726520.6249044277,0.8235030074914297
large_aws/Uniform_enx_001.csv,17920000,1.2e-06,0.002,0.0006,2.0,1.999,33554432.0,1.6981724640432787,23.96200061897369,0.6955733440824895,951535.94861896,0.6055128358412479
large_aws/Uniform_enx_002.csv,19712000,1.6e-08,0.0008,2e-05,2.0,1.999,33554432.0,1.5734020960553192,26.316973526215573,0.5725834334110272,1082949.3888232221,0.6509830555745534
large_aws/Uniform_enx_003.csv,12544000,1.4e-07,0.002,7e-05,2.0,1.998,33554432.0,1.3587022127238682,17.444049723932473,0.3566337056307089,790048.0704269238,0.7461784000580127
large_aws/Uniform_eny_001.csv,25088000,1.05e-07,3e-05,0.0035,2.0,1.998,33554432.0,1.6499597098314294,30.594247856112453,0.6464308782072711,990316.6666187404,0.6225559385199296
large_aws/Uniform_eny_002.csv,8960000,4e-07,0.0001,0.004,2.0,1.997,33554432.0,1.2462388889404878,12.726812369370627,0.2421404666037175,488373.85507790116,0.8028467377791038
large_aws/Uniform_eny_003.csv,14336000,4.8e-08,6e-05,0.0008,2.0,1.998,33554432.0,1.4042131397090891,18.12893623675412,0.4033543852664943,983254.9718133572,0.7190657879995264
large_aws/Uniform_004.csv,21504000,1.6300000000000002e-07,0.00025,0.00065,2.0,1.999,33554432.0,1.6032806330618048,27.861982490828442,0.6023811343407195,990543.4711601972,0.6375505977716202
large_aws/Uniform_005.csv,16128000,2.5e-06,0.0025,0.001,2.0,2.0,33554432.0,1.720202197089839,22.120972051176604,0.7167008775728557,864111.1630592695,0.5990689832066732
large_aws/Uniform_006.csv,25088000,3.15e-09,9e-05,3.5e-05,2.0,1.998,33554432.0,1.3383429373034237,26.19843194037332,0.3382184999412305,945177.0031144726,0.7491286307960362
large_aws/Uniform_enx_004.csv,17920000,3.15e-08,0.0007,4.5e-05,2.0,1.998,33554432.0,1.5537331701919401,22.06302992247405,0.5529897290122205,840907.667149393,0.6565222640832266
large_aws/Uniform_enx_005.csv,19712000,6.65e-08,0.00095,7e-05,2.0,1.999,33554432.0,1.5887687542250608,23.720404990686283,0.5877499504377975,878616.091857353,0.6410008727664679
large_aws/Uniform_enx_006.csv,7168000,1.13e-06,0.0025,0.00045,2.0,1.999,33554432.0,2.0058992925138868,17.277090914661667,1.0029496462569434,240207.221134918,0.519772382453084
large_aws/Uniform_eny_004.csv,25088000,1.75e-07,7e-05,0.0025,2.0,1.999,33554432.0,1.8180697085276287,31.182126898832692,0.8155006860555476,987077.7168643528,0.5710675884219051
large_aws/Uniform_eny_005.csv,8960000,1.95e-07,0.00013000000000000002,0.0015,2.0,1.997,33554432.0,1.0518937306029297,10.812499208537107,0.050265819312643976,538737.28736632,0.9418811825188724
large_aws/Uniform_eny_006.csv,16128000,3.38e-08,4.5e-05,0.00075,2.0,1.998,33554432.0,1.4416245273670023,18.771847334266514,0.4408307860218846,792184.9415549655,0.7019534392176934
large_aws/Diagonal_001.csv,21504000,1.5e-06,0.001,0.0015,1.915,1.215,33554432.0,0.6227523760723717,14.557993380029075,0.3049668873804262,1219851.6032305642,0.5677068635173466
large_aws/Diagonal_002.csv,16128000,1e-09,5e-05,2e-05,1.84,1.202,33554432.0,0.38706189838974303,9.017482544930203,0.12467282533730127,976394.0951971492,0.6996740749422109
large_aws/Diagonal_003.csv,10752000,2.1e-07,0.0007,0.0003,1.824,1.204,33554432.0,0.8120847600858107,10.471599398472387,0.3503430674750086,1213413.4124658129,0.6931556281116273
large_aws/Diagonal_enx_001.csv,17920000,1.6e-08,0.0008,2e-05,1.7919999999999998,1.289,33554432.0,0.6591004025666187,12.977347080486947,0.3090145849881457,1515394.2117186757,0.6238489595811758
large_aws/Diagonal_enx_002.csv,19712000,1.4e-07,0.002,7e-05,1.901,1.273,33554432.0,0.5814540015358576,13.334260754159072,0.2805724073270017,1276658.081348873,0.573977579430836
large_aws/Diagonal_enx_003.csv,12544000,1.2e-06,0.002,0.0006,1.91,1.239,33554432.0,0.9266685892734476,13.717143778977375,0.4472817867039976,1382640.07760385,0.5981682753562927
large_aws/Diagonal_eny_001.csv,25088000,4.8e-08,6e-05,0.0008,1.872,1.17,33554432.0,0.4447333600127312,13.450877451423025,0.21645501258198804,1021864.6028035344,0.5618209455694471
large_aws/Diagonal_eny_002.csv,8960000,1.05e-07,3e-05,0.0035,1.893,1.2919999999999998,33554432.0,0.6340911064235982,9.824513143172076,0.30420052662377706,700217.9202079062,0.5585140962349741
large_aws/Diagonal_eny_003.csv,14336000,4e-07,0.0001,0.004,1.813,1.273,33554432.0,0.7354125599402037,13.211572515399391,0.3635367284568999,1410517.2170529128,0.5551269295669737
large_aws/Diagonal_004.csv,16128000,1.6300000000000002e-07,0.00025,0.00065,1.888,1.226,33554432.0,0.4906894147968718,10.84989810262142,0.22445876674954487,959714.82531847,0.6062871933944763
large_aws/Diagonal_005.csv,10752000,2.5e-06,0.0025,0.001,1.849,1.28,33554432.0,0.8914989898869956,12.576994189190092,0.4310193669507808,1263253.0476303443,0.5707269065909916
large_aws/Diagonal_006.csv,17920000,3.15e-09,9e-05,3.5e-05,1.779,1.242,33554432.0,0.6651793058089219,12.964415893520277,0.31231308165297705,1362446.1498149063,0.6156465878237539
large_aws/Diagonal_enx_004.csv,19712000,3.15e-08,0.0007,4.5e-05,1.7819999999999998,1.206,33554432.0,0.5478338965578984,12.410259662754418,0.25487342024128057,1202850.775503173,0.6126170281569163
large_aws/Diagonal_enx_005.csv,12544000,6.65e-08,0.00095,7e-05,1.873,1.204,33554432.0,0.855761365924498,11.809209873213847,0.3823366438773074,1486667.9651344018,0.6634534245187585
large_aws/Diagonal_enx_006.csv,25088000,1.13e-06,0.0025,0.00045,1.908,1.133,33554432.0,0.4662320643290335,14.035154286240607,0.2319676911103529,1297914.977979885,0.5552913051630769
large_aws/Diagonal_eny_004.csv,8960000,1.75e-07,7e-05,0.0025,1.796,1.27,33554432.0,0.6387989462409605,10.039275513047237,0.3042206241794152,610603.1159914826,0.5578313062065526
large_aws/Diagonal_eny_005.csv,14336000,1.95e-07,0.00013000000000000002,0.0015,1.802,1.232,33554432.0,0.7028591657277488,12.496432587778315,0.33436669458820645,1279298.5009210734,0.6026255105222974
large_aws/Diagonal_eny_006.csv,21504000,3.38e-08,4.5e-05,0.00075,1.877,1.203,33554432.0,0.6404480085380968,14.209328161698465,0.3017464115035923,1555046.0733570838,0.6120815884049345
large_aws/Gauss_001.csv,16128000,1.6300000000000002e-07,0.00025,0.00065,1.812,1.845,33554432.0,1.8324711156165123,13.758408420087465,0.8770325308320375,8030004.097432237,0.8255003101295895
large_aws/Gauss_002.csv,10752000,2.5e-06,0.0025,0.001,1.846,1.846,33554432.0,1.895062043988036,14.659052814461456,0.9233374212840908,5086290.102271627,0.7319946084703718
large_aws/Gauss_003.csv,17920000,3.15e-09,9e-05,3.5e-05,1.867,1.84,33554432.0,1.871104097125281,13.889310997395336,0.8942957258647362,7844778.894227306,0.8419405538208631
large_aws/Gauss_enx_001.csv,19712000,3.15e-08,0.0007,4.5e-05,1.794,1.845,33554432.0,1.8265388925494963,14.714478710151429,0.8756325176152058,8147730.219024064,0.8376579360528426
large_aws/Gauss_enx_002.csv,12544000,6.65e-08,0.00095,7e-05,1.84,1.846,33554432.0,1.8056920485568475,12.763099532886653,0.8662415250550048,7278094.9097131025,0.8102416785226928
large_aws/Gauss_enx_003.csv,25088000,1.13e-06,0.0025,0.00045,1.869,1.846,33554432.0,1.873015932881799,17.587818375644304,0.9075641159272336,7855232.9494000375,0.7802901076964843
large_aws/Gauss_eny_001.csv,8960000,1.75e-07,7e-05,0.0025,1.848,1.845,33554432.0,1.831049277563892,12.571338370198033,0.8892872976404519,5135814.4503970565,0.7374922869534328
large_aws/Gauss_eny_002.csv,14336000,1.95e-07,0.00013000000000000002,0.0015,1.82,1.846,33554432.0,1.8284130862091639,13.983527001267671,0.8801400998445758,6544006.794587466,0.8095252450023379
large_aws/Gauss_eny_003.csv,21504000,3.38e-08,4.5e-05,0.00075,1.853,1.845,33554432.0,1.836296630714343,14.962505614763089,0.8747862599702099,8063558.339392505,0.8517474151890854
large_aws/Gauss_004.csv,21504000,1.5e-06,0.001,0.0015,1.883,1.847,33554432.0,1.8633730101945287,16.100604464279023,0.8929179246126635,7579228.635902437,0.8427403002488808
large_aws/Gauss_005.csv,16128000,1e-09,5e-05,2e-05,1.864,1.84,33554432.0,1.7933922166611105,16.56375548745107,0.8406813705970659,6690988.132994567,0.7784659209403586
large_aws/Gauss_006.csv,10752000,2.1e-07,0.0007,0.0003,1.806,1.844,33554432.0,1.8669495767142856,11.33487550783292,0.8926567606987403,7408055.06161215,0.8355000923077266
large_aws/Gauss_enx_004.csv,17920000,1.6e-08,0.0008,2e-05,1.7990000000000002,1.844,33554432.0,1.833420640258959,14.22014123568712,0.8775762052327709,8514044.454171652,0.8375259459018707
large_aws/Gauss_enx_005.csv,19712000,1.4e-07,0.002,7e-05,1.835,1.846,33554432.0,2.1580598697037185,15.460333176683099,1.509910856472065,8849794.025662325,0.7996008891170308
large_aws/Gauss_enx_006.csv,12544000,1.2e-06,0.002,0.0006,1.857,1.846,33554432.0,1.814979058015942,15.538506888513012,0.8757266639965652,5309779.568535604,0.7387610822916031
large_aws/Gauss_eny_004.csv,25088000,4.8e-08,6e-05,0.0008,1.804,1.845,33554432.0,1.8831090835843125,16.109220940731248,0.9060045637997663,8777646.698715353,0.8303727956724839
large_aws/Gauss_eny_005.csv,8960000,1.05e-07,3e-05,0.0035,1.833,1.846,33554432.0,1.7977855514438186,12.777762321751881,0.8642860677391258,5064567.834422245,0.7455250261158779
large_aws/Gauss_eny_006.csv,14336000,4e-07,0.0001,0.004,1.852,1.845,33554432.0,1.8568400277447208,13.684287256883955,0.8950926985260015,6610043.291715927,0.8199728571233296
large_aws/DiagonalRot_001.csv,10752000,1.6300000000000002e-07,0.00025,0.00065,1.859,1.148,33554432.0,0.3074589366950754,6.095406804660041,0.04625399433937313,671542.9425284242,0.8572971553638064
large_aws/DiagonalRot_002.csv,17920000,2.5e-06,0.0025,0.001,1.901,1.37,33554432.0,0.4274006238509661,11.879494209594906,0.20748541233421114,2210101.086368156,0.5822041382392248
large_aws/DiagonalRot_003.csv,19712000,3.15e-09,9e-05,3.5e-05,1.823,1.0759999999999998,33554432.0,0.9580852945172532,15.612969140272527,0.4539864375402868,4173792.8923467393,0.6940347294309246
large_aws/DiagonalRot_enx_001.csv,12544000,3.15e-08,0.0007,4.5e-05,1.767,1.234,33554432.0,0.6112371166449867,11.693110121539386,0.29245666061948616,887800.6068803259,0.5586991793704483
large_aws/DiagonalRot_enx_002.csv,25088000,6.65e-08,0.00095,7e-05,1.875,1.244,33554432.0,0.44128377894880266,13.367105163870225,0.2041303021048707,2279952.2038878533,0.6118057318487946
large_aws/DiagonalRot_enx_003.csv,8960000,1.13e-06,0.0025,0.00045,1.894,1.192,33554432.0,0.7379341291644601,10.409400213684627,0.333803841602499,1450503.9707116734,0.5970407840278413
large_aws/DiagonalRot_eny_001.csv,14336000,1.75e-07,7e-05,0.0025,1.745,1.126,33554432.0,0.3576188658147515,9.848272770428617,0.17220676402224047,1482441.493809268,0.5636729541279021
large_aws/DiagonalRot_eny_002.csv,21504000,1.95e-07,0.00013000000000000002,0.0015,1.884,1.21,33554432.0,0.4961760750567602,13.212481146008768,0.2317485443044062,1651848.5477095956,0.6029784161420095
large_aws/DiagonalRot_eny_003.csv,21504000,3.38e-08,4.5e-05,0.00075,1.779,1.14,33554432.0,0.6404704907685891,14.81254109779192,0.31207561588257704,1651275.3960601185,0.5830951302566312
large_aws/DiagonalRot_004.csv,16128000,1.5e-06,0.001,0.0015,1.893,1.204,33554432.0,0.42629527282785146,11.513715698913613,0.2113368486251024,1083323.152839762,0.5373603705674002
large_aws/DiagonalRot_005.csv,10752000,1e-09,5e-05,2e-05,1.823,1.084,33554432.0,0.6754619348203291,11.210772620834973,0.3006721282276161,1251244.36932868,0.6026474748338971
large_aws/DiagonalRot_006.csv,17920000,2.1e-07,0.0007,0.0003,1.779,1.223,33554432.0,0.6015761290525102,13.30093859274873,0.2908290197516467,1532554.217875586,0.5757913968047579
large_aws/DiagonalRot_enx_004.csv,19712000,1.6e-08,0.0008,2e-05,1.864,1.239,33554432.0,0.4464628222146711,12.118196964262587,0.2105602933606276,1612336.8062783163,0.5824081681668758
large_aws/DiagonalRot_enx_005.csv,12544000,1.4e-07,0.002,7e-05,1.883,1.182,33554432.0,0.7204361993738889,11.652952763661075,0.3164375267503635,2516067.6462806207,0.6490610397380331
large_aws/DiagonalRot_enx_006.csv,25088000,1.2e-06,0.002,0.0006,1.891,1.121,33554432.0,0.3640544274795157,13.280422763742536,0.18202721373975786,1046444.1266677448,0.5480814994427196
large_aws/DiagonalRot_eny_004.csv,8960000,4.8e-08,6e-05,0.0008,1.863,1.173,33554432.0,0.28395071672751826,5.202570870546916,0.014482100523688188,476123.0422997992,0.9344562332738532
large_aws/DiagonalRot_eny_005.csv,14336000,1.05e-07,3e-05,0.0035,1.7919999999999998,1.162,33554432.0,0.6462054824329567,12.637265892559713,0.3055161408543172,1745513.8305396957,0.5910029903054237
large_aws/DiagonalRot_eny_006.csv,16128000,4e-07,0.0001,0.004,1.8,1.186,33554432.0,0.5683076484873617,13.163309739767245,0.28124195266141777,1462530.252858071,0.5461795400414202
large_aws/Parcel_001.csv,17920000,3.14e-08,9.44e-05,9.44e-05,2.0,1.716,33554432.0,1.772090847945778,21.205303138619048,0.7720908774261219,4352799.570140436,0.6832821135719617
large_aws/Parcel_002.csv,19712000,4.58e-08,0.0001833,0.0001832,2.0,1.942,33554432.0,1.800036606267838,23.328658521229748,0.8000366798148348,9552918.412176576,0.6930580179799687
large_aws/Parcel_003.csv,12544000,2.41e-08,0.0001796,0.0001343,1.993,2.0,33554432.0,1.4395828361003042,14.681586137499233,0.43958330955565744,6818851.371915758,0.7100936455386025
large_aws/Parcel_004.csv,25088000,1.21e-08,5.350000000000001e-05,5.350000000000001e-05,1.998,1.606,33554432.0,1.7895283905629829,23.01169883664539,0.7895284286569832,6020082.834354468,0.7421469344542577
large_aws/Parcel_005.csv,8960000,1.01e-07,0.0004342,0.0002319,2.0,1.994,33554432.0,0.9999999355547394,9.468608739178908,0.0,4130078.252653992,0.8382255094391959
large_aws/Parcel_006.csv,14336000,3.92e-08,0.00017109999999999998,0.0001712,2.0,1.927,33554432.0,1.7381955235307027,19.624983013924204,0.7381957945590586,7377345.647842681,0.6760120671622607
large_aws/Parcel_007.csv,21504000,1.96e-08,0.0001356,0.0001364,2.0,1.982,33554432.0,1.6488159125042356,21.93102210471019,0.6488161432522492,8404088.655293528,0.7092595968927656
large_aws/Parcel_008.csv,21504000,3.36e-08,0.0001774,0.0001779,2.0,1.986,33554432.0,1.7224149577852934,24.496508623295608,0.7224150947825005,8417934.480609033,0.69026961715685
large_aws/Parcel_009.csv,16128000,5.0199999999999986e-08,0.0001579,0.00015800000000000002,2.0,1.87,33554432.0,1.7648469938902684,18.756881500269426,0.7648470619301451,7127973.94801033,0.6890800231032901
large_aws/Parcel_010.csv,10752000,5.2300000000000005e-08,0.0001959,0.0001959,2.0,1.948,33554432.0,1.7011732617389212,15.512185378389894,0.701173436503902,8267468.655012564,0.70913616503988
large_aws/Parcel_011.csv,17920000,5.04e-08,0.0002319,0.0002171,2.0,1.997,33554432.0,0.9999999360934338,13.839357417047347,0.0,4726517.114549192,0.8719462774148802
large_aws/Parcel_012.csv,19712000,1.53e-08,5.83e-05,5.83e-05,1.996,1.58,33554432.0,1.8730040090969693,19.71831642066464,0.8730040686960312,6412381.852842468,0.7172827511094511
large_aws/Parcel_013.csv,12544000,2.41e-08,0.0001795,0.00013419999999999998,1.993,2.0,33554432.0,1.482227587463416,15.81147432170144,0.4822282056544762,6957767.906200727,0.690415164662732
large_aws/Parcel_014.csv,25088000,3.6e-08,0.00016130000000000002,0.00016130000000000002,2.0,1.931,33554432.0,1.6830545555012058,23.94610697862686,0.6830545792568276,9235336.521279097,0.7433051963647207
large_aws/Parcel_015.csv,8960000,6.28e-08,0.000245,0.000244,2.0,1.986,33554432.0,1.6159298838551923,14.397323211001627,0.6159304181507622,6240667.094886246,0.6889439195394516
large_aws/Parcel_016.csv,14336000,2.9500000000000006e-08,0.0001674,0.0001655,2.0,1.983,33554432.0,1.5533193590679493,18.7555759302358,0.5533198547884063,7503332.649204664,0.7526599128137935
large_aws/Parcel_017.csv,16128000,4.48e-08,0.0001525,0.0001525,2.0,1.897,33554432.0,1.6314494131270385,17.235997856232704,0.6314494374390871,7257374.527231071,0.7540288451983004
large_aws/Parcel_018.csv,10752000,7.54e-08,0.00012749999999999998,0.0001276,2.0,1.734,33554432.0,1.8635485175894344,16.034291870555812,0.8635485411647417,5539141.1483477065,0.7387382992926765
large_aws/Combo_001.csv,34048000,2.5e-07,0.00025,0.001,1.8,1.234,33554432.0,1.941923550935863,25.577157959982944,0.9329755744800016,5515901.147796448,0.656774679897353
large_aws/Combo_002.csv,32256000,3.33e-08,0.00095,3.5e-05,1.826,1.626,33554432.0,2.2997862873668042,25.66395101041332,1.5171029308165025,6589280.9823790025,0.7285109855807744
large_aws/Combo_003.csv,34048000,2.03e-09,4.5e-05,4.5e-05,1.843,1.486,33554432.0,2.134589608323422,25.18832443260011,0.9529864489891556,4825501.8853935655,0.7755041768153509
large_aws/Combo_004.csv,41216000,3.5e-08,0.001,3.5e-05,1.882,1.168,33554432.0,1.3996760365842928,30.12479728391183,0.6868178275997375,3218040.4679756663,0.5998629947503408
large_aws/Combo_005.csv,23296000,3.15e-08,0.0007,4.5e-05,1.874,1.198,33554432.0,1.6316446096480055,22.80270289340997,0.7451166661924024,1599133.8318765769,0.606229735745324
large_aws/Combo_006.csv,44800000,1.4e-07,0.002,7e-05,1.78,1.297,33554432.0,1.0519542700693187,27.16290588032886,0.5104373178730242,2399495.3018291667,0.5996686763233608
large_aws/Combo_007.csv,17920000,3.5e-07,0.0001,0.0035,2.0,1.51,33554432.0,2.2400412843604647,26.80502856045392,1.6764957807556815,16804255.214901205,0.7483946578256016
large_aws/Combo_008.csv,19712000,1.25e-07,5e-05,0.0025,1.934,1.895,33554432.0,2.6651848353312904,23.547965400957523,1.7487417190150092,16979471.572658386,0.7363867972578321
large_aws/Combo_009.csv,17920000,4.5e-08,0.0001,0.00045,1.991,1.339,33554432.0,2.294990171486083,23.988454113379944,1.451486979815219,16534914.94437985,0.7762036778710105
large_aws/Combo_010.csv,39424000,4.5e-08,4.5e-05,0.001,1.783,1.249,33554432.0,2.037155429543593,28.484791903988288,0.9925929034810308,6094309.05029646,0.6517231531289159
large_aws/Combo_011.csv,35840000,8.75e-09,0.00025,3.5e-05,1.837,1.5319999999999998,33554432.0,2.517091655318545,27.438200977277994,1.1859972606201006,6977895.615477093,0.7676378789298032
large_aws/Combo_012.csv,25088000,4.28e-08,0.00095,4.5e-05,1.775,1.376,33554432.0,2.3150584428470697,20.37226287163816,0.9986257162784422,4780035.151190065,0.8406426127467836
large_aws/Combo_013.csv,39424000,7e-08,0.002,3.5e-05,1.875,1.197,33554432.0,1.4461066878570847,28.894088967122087,0.7066653822764296,3012533.9385219137,0.5935006372208865
large_aws/Combo_014.csv,34048000,4.5e-08,0.001,4.5e-05,1.714,1.243,33554432.0,1.5230765663616437,28.65499197686165,0.7602464282509332,930250.1432185592,0.5382881721383647
large_aws/Combo_015.csv,35840000,4.9e-08,0.0007,7e-05,1.806,1.155,33554432.0,1.2303792153715878,25.18469245825128,0.598359556960969,3090455.405021552,0.6230620430768842
large_aws/Combo_016.csv,19712000,1.75e-07,5e-05,0.0035,2.0,1.31,33554432.0,2.269049163656635,24.25684831971305,1.6998598521764048,16534066.181818685,0.7168157091507545
large_aws/Combo_017.csv,17920000,2.5e-07,0.0001,0.0025,1.946,1.933,33554432.0,2.9944124244807835,23.056787537582426,2.366639779955905,18365402.62819039,0.7244561400453923
large_aws/Combo_018.csv,19712000,2.25e-08,5e-05,0.00045,1.937,1.19,33554432.0,2.065576309345149,23.31597076081683,0.8838880938490759,15107239.058110606,0.7788233255346616
small/diagonal_001.csv,24426,2.91e-06,0.00147,0.00198,1.733,1.656,131072.0,0.5779730732434384,8.135189784393955,0.0,1476.3124635025556,0.5121512577451509
small/diagonal_002.csv,12867,1.71e-06,0.00115,0.00149,1.654,1.483,131072.0,0.4033075188539685,5.014292882565584,0.0,373.9919547560111,0.5134852091471355
small/diagonal_003.csv,18426,1.66e-06,0.00159,0.00104,1.783,1.482,131072.0,0.7240464662591213,7.635175469086044,0.0,346.0629751453338,0.5259897141229539
small/diagonal_004.csv,28371,3.15e-06,0.0016,0.00198,1.741,1.564,131072.0,0.5103264200612115,8.051617002338238,0.0,1789.3963444920914,0.512766445384306
small/diagonal_005.csv,13541,1.98e-06,0.00133,0.00149,1.723,1.714,131072.0,0.5166034039997466,6.023915558045814,0.0,420.7235165090609,0.5068297386169434
small/diagonal_006.csv,18763,2.35e-06,0.00173,0.00135,1.7380000000000002,1.5,131072.0,0.5495289986932078,6.9673717741328245,0.0,460.2317261288461,0.5143845298073508
small/diagonal_007.csv,29144,1.33e-06,0.00115,0.00116,1.699,1.5659999999999998,131072.0,0.3907466027044403,7.191734034321221,0.0,1696.6866869483654,0.5184849009794348
small/diagonal_008.csv,28148,3.12e-06,0.00178,0.00175,1.7280000000000002,1.477,131072.0,0.21612998286196994,5.445884382202834,0.0,1880.8468273303888,0.5268630981445312
small/diagonal_009.csv,10319,1.41e-06,0.0011,0.00128,1.641,1.56,131072.0,0.4036968527171656,4.472412482185338,0.0,412.4401640103554,0.5114161173502604
small/diagonal_010.csv,26361,1.63e-06,0.00104,0.00157,1.6840000000000002,1.513,131072.0,0.3827078115786061,6.778573925913753,0.0,1696.1014034731775,0.5165966403099799
small/diagonal_011.csv,27283,3.54e-06,0.00177,0.002,1.788,1.646,131072.0,0.6432617555759975,9.047656385054527,0.0,1788.940850394707,0.5200989246368408
small/diagonal_012.csv,25424,2.23e-06,0.00159,0.00141,1.669,1.599,131072.0,0.35987881970409585,6.589918538217309,0.0,1485.8660908709107,0.5170700073242187
small/diagonal_013.csv,17798,3.09e-06,0.00157,0.00197,1.652,1.5,131072.0,0.24213555973787199,4.806157143950405,0.0,942.8986606722486,0.4917720447887074
small/diagonal_014.csv,18443,2.48e-06,0.00159,0.00156,1.636,1.574,131072.0,0.3326783626170179,5.4170014969129445,0.0,1004.490232953598,0.5080115578391335
small/diagonal_015.csv,18106,2.4e-06,0.00196,0.00122,1.756,1.62,131072.0,0.6122134871742678,7.227961715579375,0.0,1098.4707448415395,0.4979057312011719
small/diagonal_016.csv,13783,1.73e-06,0.00132,0.00132,1.658,1.48,131072.0,0.3959842998584619,5.0502223719872985,0.0,401.6644277254335,0.5156726837158203
small/diagonal_017.csv,28551,3.22e-06,0.00197,0.0016300000000000002,1.713,1.5830000000000002,131072.0,0.4309095282333164,7.642863462986499,0.0,1695.2989276679934,0.5161691553452435
small/diagonal_018.csv,11008,2.39e-06,0.00173,0.0013800000000000002,1.61,1.579,131072.0,0.32977593339329103,4.2471595816103465,0.0,333.2811241164247,0.5067520141601562
small/diagonal_019.csv,23197,2.03e-06,0.00107,0.0019,1.719,1.539,131072.0,0.431588256845431,6.987443532084027,0.0,1605.7623562962106,0.5031476702008929
small/diagonal_020.csv,22904,2.76e-06,0.00147,0.00188,1.7480000000000002,1.722,131072.0,0.5538406172695373,7.638011612707285,0.0,1386.5797525389194,0.5139555754484953
small/diagonal_021.csv,29223,2.35e-06,0.00127,0.00186,1.621,1.537,131072.0,0.29732557828048284,6.376412043327697,0.0,1722.1313874298135,0.5284432803883272
small/diagonal_022.csv,18890,2.54e-06,0.00141,0.0018,1.696,1.646,131072.0,0.5630011241789463,7.25763039585924,0.0,891.1582340469287,0.495353367017663
small/diagonal_023.csv,24132,2.5e-06,0.00165,0.00152,1.6030000000000002,1.5530000000000002,131072.0,0.2748192829648949,5.6956968355929805,0.0,1625.1861161139402,0.5094767603380926
small/diagonal_024.csv,22132,1.58e-06,0.00131,0.00121,1.781,1.732,131072.0,0.5709074960806424,7.48301018512217,0.0,1524.3131696122207,0.5126055203951322
small/diagonal_025.csv,16727,2.05e-06,0.00159,0.00129,1.6669999999999998,1.51,131072.0,0.3942309510643176,5.615478663932773,0.0,285.4608559452737,0.5304818404348273
small/diagonal_026.csv,11812,2.6e-06,0.00193,0.00135,1.53,1.499,131072.0,0.2188802333839176,3.6713662321982237,0.0,309.4210855182066,0.5064686366489956
small/diagonal_027.csv,24151,1.87e-06,0.00158,0.00118,1.758,1.556,131072.0,0.6096861491015465,8.341375137825825,0.0,1551.5787809313406,0.5041206622945851
small/diagonal_028.csv,22942,2.01e-06,0.0017,0.00118,1.6269999999999998,1.614,131072.0,0.2504224140408046,5.350869415870709,0.0,1441.7938510467868,0.5175131338614004
small/diagonal_029.csv,28304,2.27e-06,0.00114,0.002,1.764,1.525,131072.0,0.5514860993147682,8.991122209644592,0.0,1827.1579194045075,0.5240841489849668
small/diagonal_030.csv,19498,2.48e-06,0.0016699999999999998,0.00149,1.641,1.539,131072.0,0.3308038751336862,5.63050445294711,0.0,1255.7386604438573,0.4931983947753906
small/diagonal_031.csv,12759,1.84e-06,0.00113,0.0016300000000000002,1.634,1.57,131072.0,0.35183688001726554,4.6815259754437015,0.0,431.69663216455865,0.5102854410807292
small/diagonal_032.csv,24111,2.08e-06,0.00191,0.00109,1.75,1.655,131072.0,0.4846657651022285,7.5620391581546755,0.0,1608.1998702990759,0.5044408337823276
small/diagonal_033.csv,26184,2.1000000000000002e-06,0.00135,0.00156,1.651,1.652,131072.0,0.3042745130310686,6.1583755618572535,0.0,1576.0957656954351,0.5151709279706401
small/diagonal_034.csv,17809,2.73e-06,0.00155,0.00176,1.7619999999999998,1.483,131072.0,0.6310558786346306,7.381293623828609,0.0,961.8471779870506,0.4893094843084162
small/diagonal_035.csv,24541,2.52e-06,0.00128,0.00198,1.641,1.5619999999999998,131072.0,0.4370500316903785,7.005607983433218,0.0,1506.1971414045597,0.5160796066810345
small/diagonal_036.csv,29608,3.73e-06,0.00199,0.00187,1.704,1.719,131072.0,0.29045618369481585,6.389832237838702,0.0,1617.7006801668365,0.5249803815569196
small/diagonal_037.csv,10343,1.49e-06,0.00132,0.00112,1.713,1.706,131072.0,0.5252058224234125,5.165664862400559,0.0,313.0810154292692,0.5128682454427084
small/diagonal_038.csv,29664,2.22e-06,0.00124,0.0018,1.648,1.507,131072.0,0.26818633000420045,6.289869196362822,0.0,1741.7800184446546,0.5215508597237724
small/diagonal_039.csv,21870,3.28e-06,0.00185,0.00178,1.78,1.702,131072.0,0.5601581278503166,7.5513831440773425,0.0,1443.6227194849137,0.5101435734675481
small/diagonal_040.csv,20513,3.55e-06,0.00193,0.00184,1.76,1.604,131072.0,0.6398646226661118,7.678867628851205,0.0,1299.2466124643158,0.4972274780273437
small/gaussian_001.csv,28129,1.71e-06,0.00114,0.00149,1.6769999999999998,1.679,131072.0,0.5507204948321136,7.4199456164326785,0.0,1757.9930962192236,0.521006035082268
small/gaussian_002.csv,22201,2.54e-06,0.00147,0.00173,1.6880000000000002,1.6745,131072.0,0.5436618986775911,6.481376834576451,0.0,1383.3339263224473,0.5028791074399594
small/gaussian_003.csv,27624,1.77e-06,0.0015,0.00118,1.673,1.689,131072.0,0.5659059635044794,7.3885697897996385,0.0,1364.6498281067193,0.5094114361387311
small/gaussian_004.csv,17754,1.6e-06,0.00158,0.00101,1.704,1.651,131072.0,0.5563917201051175,5.96781098081822,0.0,1316.562291169288,0.4871843511408026
small/gaussian_005.csv,15626,3.29e-06,0.00165,0.002,1.666,1.673,131072.0,0.4922448220474406,5.7182582407140075,0.0,864.7616884308519,0.5274225870768229
small/gaussian_006.csv,26379,2.3e-06,0.00119,0.00193,1.6880000000000002,1.6645,131072.0,0.5629699824508562,7.1748261322913125,0.0,1322.1652746640925,0.5219861922725555
small/gaussian_007.csv,19179,1.78e-06,0.00128,0.0013800000000000002,1.646,1.676,131072.0,0.498920600005941,5.989607799003954,0.0,1241.4420162750882,0.503820336383322
small/gaussian_008.csv,29526,3.15e-06,0.00159,0.00198,1.699,1.6880000000000002,131072.0,0.566889404181255,7.457412214152304,0.0,1552.4627213638626,0.5224432809012277
small/gaussian_009.csv,26629,2.15e-06,0.00118,0.00183,1.695,1.671,131072.0,0.5188875977143917,6.862687455572544,0.0,1548.9615444583953,0.5093414783477783
small/gaussian_010.csv,29713,1.88e-06,0.00179,0.00105,1.668,1.6569999999999998,131072.0,0.5524345842288231,7.0863736892584965,0.0,2257.2340061161913,0.5204491751534598
small/gaussian_011.csv,20831,2.1000000000000002e-06,0.00162,0.0013,1.645,1.675,131072.0,0.6053451035188955,6.4421855012053495,0.0,1140.2793594553925,0.5067953491210937
small/gaussian_012.csv,24958,2.94e-06,0.00179,0.00164,1.6869999999999998,1.6895,131072.0,0.5429452092734517,6.946754595431735,0.0,1583.3608029196066,0.5122530619303386
small/gaussian_013.csv,14449,2.1000000000000002e-06,0.00177,0.00119,1.639,1.615,131072.0,0.5340931509284159,5.458174119133719,0.0,1057.2630167111638,0.5136934168198529
small/gaussian_014.csv,17513,2.71e-06,0.00141,0.00192,1.654,1.651,131072.0,0.5450194624148278,5.821388295067647,0.0,945.6707154400078,0.5079770769391742
small/gaussian_015.csv,25197,3.56e-06,0.00197,0.00181,1.712,1.7055,131072.0,0.4966885116562627,6.696919533983986,0.0,1208.498300922816,0.5192543029785156
small/gaussian_016.csv,13147,2.68e-06,0.00185,0.00145,1.65,1.6415,131072.0,0.4742508888315026,4.916646012634793,0.0,939.0657059013496,0.5290679931640625
small/gaussian_017.csv,11902,1.78e-06,0.00112,0.00158,1.594,1.675,131072.0,0.5421025115675494,4.8115516804584155,0.0,706.2850208040977,0.5094408307756696
small/gaussian_018.csv,20348,2.39e-06,0.00158,0.00151,1.6769999999999998,1.653,131072.0,0.5088477893422985,5.964332871320278,0.0,964.0891777778304,0.5165185928344727
small/gaussian_019.csv,17953,2.67e-06,0.00155,0.00172,1.659,1.6515,131072.0,0.5494987678232636,6.069165314561008,0.0,1005.5963035034661,0.4974344426935369
small/gaussian_020.csv,15495,2.14e-06,0.00176,0.00121,1.619,1.625,131072.0,0.5701053106875666,5.553666092049637,0.0,842.546787725271,0.519510481092665
small/gaussian_021.csv,25562,1.56e-06,0.00124,0.00126,1.66,1.666,131072.0,0.5538932121323364,6.882523382558526,0.0,1276.767333280944,0.5168083190917969
small/gaussian_022.csv,19242,2.55e-06,0.00159,0.0016,1.643,1.652,131072.0,0.580318795026058,6.173494866616062,0.0,1203.530975535621,0.5110311093537704
small/gaussian_023.csv,21992,2.74e-06,0.00165,0.0016600000000000002,1.6669999999999998,1.6840000000000002,131072.0,0.5723706025940936,6.5646550660496,0.0,1465.899406850933,0.5178075937124399
small/gaussian_024.csv,17149,1.18e-06,0.00103,0.00115,1.621,1.6669999999999998,131072.0,0.5400668816889906,6.078946258532566,0.0,846.5325299496992,0.4892952328636533
small/gaussian_025.csv,21817,3.67e-06,0.0019,0.00193,1.659,1.6915,131072.0,0.6199936093394355,6.455295922716317,0.0,1134.3613776954414,0.5174005948580228
small/gaussian_026.csv,16339,1.69e-06,0.00148,0.00114,1.607,1.654,131072.0,0.5707739123917759,6.1006325328393425,0.0,898.6354377610534,0.4922065734863281
small/gaussian_027.csv,22594,1.39e-06,0.00133,0.00104,1.666,1.683,131072.0,0.5289116236689861,6.202951002873527,0.0,1256.2319657271416,0.5059766416196471
small/gaussian_028.csv,28662,2.82e-06,0.00193,0.00146,1.7,1.6895,131072.0,0.5624427860235315,7.297706335119433,0.0,1479.2452941072374,0.5209758982938879
small/gaussian_029.csv,10299,2.89e-06,0.00164,0.00176,1.616,1.636,131072.0,0.5188295530899105,4.615624415799955,0.0,762.0125172127351,0.5162804921468099
small/gaussian_030.csv,14962,3.33e-06,0.00178,0.00187,1.654,1.656,131072.0,0.5383917310038836,5.30172830540688,0.0,1024.271509204212,0.5340239580939797
small/gaussian_031.csv,15156,3.93e-06,0.00198,0.00199,1.649,1.6755,131072.0,0.5638280392846332,5.727190682026165,0.0,924.9624700427873,0.5135146247016059
small/gaussian_032.csv,22795,3.07e-06,0.00193,0.00159,1.644,1.6740000000000002,131072.0,0.527917253353141,6.4062685483723625,0.0,1110.4007519377758,0.5173557422779225
small/gaussian_033.csv,14036,1.49e-06,0.00146,0.00102,1.62,1.5725,131072.0,0.5118262101118869,4.932856442454524,0.0,690.2968083322928,0.5260310173034668
small/gaussian_034.csv,11356,3.22e-06,0.00182,0.00177,1.625,1.683,131072.0,0.5294982208742239,4.73368345366722,0.0,928.5867291801384,0.5276078444260818
small/gaussian_035.csv,11611,1.18e-06,0.00112,0.00106,1.574,1.629,131072.0,0.5571286954055223,4.9702859298282664,0.0,458.1382912151647,0.4940479823521206
small/gaussian_036.csv,14275,1.96e-06,0.00175,0.00112,1.634,1.599,131072.0,0.5367297634349472,5.232708924817984,0.0,787.4983561250486,0.5052149155560661
small/gaussian_037.csv,14930,2.24e-06,0.00127,0.00177,1.625,1.6035,131072.0,0.5121158074009009,5.45174334433008,0.0,841.4369197779463,0.530336716595818
small/gaussian_038.csv,28690,2.36e-06,0.0018,0.00131,1.6880000000000002,1.692,131072.0,0.5475153652505227,7.115831574443039,0.0,1146.7114934171316,0.5174977919634651
small/gaussian_039.csv,11655,2.66e-06,0.00137,0.00193,1.618,1.607,131072.0,0.5271471531948668,4.847366183029076,0.0,651.5710253076085,0.5018512180873326
small/gaussian_040.csv,23763,2.62e-06,0.00132,0.00198,1.7,1.6815,131072.0,0.5224099420707693,6.450977421088925,0.0,1047.2674812558244,0.5211217062813895
small/uniform_001.csv,21804,2.61e-06,0.0019,0.0013800000000000002,2.0,1.987,131072.0,1.0026286901538266,11.501593254022383,0.0,1358.8972709146958,0.5008832491361178
small/uniform_002.csv,13051,2.17e-06,0.00131,0.00165,1.995,1.976,131072.0,1.0018975335475515,8.221579736923527,0.0,233.93879541452722,0.5167633056640625
small/uniform_003.csv,27093,2.51e-06,0.00128,0.00196,2.0,1.968,131072.0,1.0023301208476212,12.334692604879592,0.0,1606.9681538415555,0.5074775218963623
small/uniform_004.csv,23969,2.35e-06,0.00197,0.00119,2.0,1.966,131072.0,1.002240769855421,12.24382973764375,0.0,1610.8459635212262,0.49424454261516704
small/uniform_005.csv,16828,1.59e-06,0.00158,0.001,1.998,1.951,131072.0,1.0014402317415587,9.80933252427731,0.0,731.5804746777385,0.4765912010556176
small/uniform_006.csv,13481,3.16e-06,0.00164,0.00192,1.996,1.978,131072.0,1.0026152488247453,8.674355019278313,0.0,360.6285311785522,0.5012187957763672
small/uniform_007.csv,13664,1.5e-06,0.00146,0.00103,1.995,1.939,131072.0,1.0011337291353422,8.574179665041461,0.0,236.4309409610976,0.5072503089904785
small/uniform_008.csv,25367,1.69e-06,0.00143,0.00118,2.0,1.965,131072.0,1.0019353869317429,12.199225480705385,0.0,1641.3707225635806,0.5042149861653645
small/uniform_009.csv,23224,1.75e-06,0.00172,0.00101,2.0,1.964,131072.0,1.0020736197103757,11.344752998833235,0.0,1378.1944872342426,0.4949703216552734
small/uniform_010.csv,14023,1.25e-06,0.00108,0.00115,1.996,1.942,131072.0,1.00087777222288,8.608584418622721,0.0,201.78685188522567,0.5195307731628418
small/uniform_011.csv,22444,2.79e-06,0.00193,0.00144,2.0,1.986,131072.0,1.0023734896947918,12.678719217791855,0.0,1370.4855957563302,0.4975164907949942
small/uniform_012.csv,10738,2.45e-06,0.00136,0.0018,1.991,1.972,131072.0,1.0016454302488864,7.766752942672019,0.0,292.1396277983826,0.4906751192533053
small/uniform_013.csv,16946,1.33e-06,0.00111,0.0012,1.999,1.952,131072.0,1.001218393476591,10.678024759048855,0.0,769.5054011235246,0.479889642624628
small/uniform_014.csv,21250,1.75e-06,0.00164,0.00107,2.0,1.959,131072.0,1.0016953558235664,10.707002739637467,0.0,1280.3560917182374,0.5069100952148438
small/uniform_015.csv,14686,2.15e-06,0.00109,0.00197,1.997,1.979,131072.0,1.0019461509300749,8.698957396209844,0.0,301.5319822708363,0.5133635577033547
small/uniform_016.csv,13916,1.86e-06,0.00183,0.00101,1.996,1.941,131072.0,1.0018679307381422,8.778879518608086,0.0,203.1213365054248,0.5171904563903809
small/uniform_017.csv,20976,1.63e-06,0.00113,0.00144,2.0,1.958,131072.0,1.0019933443429336,10.629768326389726,0.0,1352.1308516560075,0.4994644165039063
small/uniform_018.csv,29974,2.45e-06,0.00182,0.00134,2.0,1.969,131072.0,1.0018101653841345,12.523416898594382,0.0,1678.2103781914193,0.5120958600725446
small/uniform_019.csv,12982,2.56e-06,0.00185,0.00139,1.995,1.974,131072.0,1.001917186161061,8.072916274228183,0.0,264.32989489146576,0.5150741577148438
small/uniform_020.csv,25171,2e-06,0.00117,0.00171,2.0,1.967,131072.0,1.001834182805321,12.956332544409491,0.0,1531.4972789905814,0.5026769002278646
small/uniform_021.csv,22147,3.19e-06,0.00194,0.00165,2.0,1.986,131072.0,1.0021627611859711,11.47612067530327,0.0,1365.766017594088,0.490496317545573
small/uniform_022.csv,14597,1.74e-06,0.0013,0.00133,1.998,1.944,131072.0,1.0021627611859711,11.47612067530327,0.0,1365.766017594088,0.490496317545573
small/uniform_023.csv,11029,2.94e-06,0.00155,0.00189,1.993,1.972,131072.0,1.0019978164353152,7.7528522846060435,0.0,207.54071390692013,0.5038446279672476
small/uniform_024.csv,15463,2.27e-06,0.00189,0.0012,1.998,1.98,131072.0,1.0019119933774046,9.871328318190141,0.0,406.4051413169977,0.5125261942545573
small/uniform_025.csv,24879,3.42e-06,0.00185,0.00185,2.0,1.987,131072.0,1.0031105422413458,12.507358632690215,0.0,1687.24449390781,0.4984217325846354
small/uniform_026.csv,20096,1.96e-06,0.00177,0.00111,1.999,1.958,131072.0,1.002210782433702,11.019554561640515,0.0,1162.2546268818778,0.4991941452026367
small/uniform_027.csv,17051,1.99e-06,0.00187,0.00107,1.998,1.948,131072.0,1.002244497519776,9.849438254256084,0.0,771.4630709510792,0.483629862467448
small/uniform_028.csv,14418,1.74e-06,0.00111,0.00157,1.996,1.94,131072.0,1.0014257708942236,9.929677614292157,0.0,329.0284219062927,0.5045237821691176
small/uniform_029.csv,11773,2.74e-06,0.00199,0.0013800000000000002,1.994,1.975,131072.0,1.0021770630055922,7.8811175864125165,0.0,250.4546885574477,0.5001613071986607
small/uniform_030.csv,24050,1.66e-06,0.00151,0.0011,2.0,1.963,131072.0,1.0016054938832628,11.588662406126668,0.0,1397.5121091156425,0.4938217689251078
small/uniform_031.csv,24419,2.36e-06,0.00124,0.0019,2.0,1.966,131072.0,1.0024896696898338,13.47362847232219,0.0,1539.9303982294794,0.5044345198006466
small/uniform_032.csv,20337,2.87e-06,0.00159,0.0018,2.0,1.983,131072.0,1.002673960331116,11.325874343295446,0.0,1165.478868558137,0.5073579152425131
small/uniform_033.csv,17160,1.69e-06,0.0014199999999999998,0.00119,1.999,1.952,131072.0,1.0015695416208474,9.744229653678092,0.0,674.8876550499168,0.4861275809151786
small/uniform_034.csv,20463,2.17e-06,0.0018,0.00121,1.999,1.958,131072.0,1.0019917825739726,10.433272672515137,0.0,1291.9672664584039,0.4876580810546875
small/uniform_035.csv,12074,1.74e-06,0.00106,0.00164,1.993,1.976,131072.0,1.0010970834571449,9.368521594336938,0.0,283.64489872273134,0.5132675170898438
small/uniform_036.csv,14341,3.16e-06,0.0019,0.0016600000000000002,1.998,1.977,131072.0,1.0023259710873915,9.260012663904154,0.0,386.78978670635286,0.5036154354319853
small/uniform_037.csv,13368,1.99e-06,0.00137,0.00145,1.995,1.978,131072.0,1.0015605054012675,9.731142147056634,0.0,324.12901920955795,0.4969601631164551
small/uniform_038.csv,14695,3.71e-06,0.00194,0.00191,1.998,1.98,131072.0,1.0027549873359043,8.968027089180868,0.0,422.76957985060704,0.5150833129882812
small/uniform_039.csv,23282,3.66e-06,0.00185,0.00197,2.0,1.987,131072.0,1.0024565920088375,11.31865362897656,0.0,1571.2735877306666,0.4984073638916016
small/uniform_040.csv,18799,2.99e-06,0.00194,0.00154,1.999,1.983,131072.0,1.0022906364437452,10.028500183279508,0.0,1068.6816268934988,0.4878344328507133
medium/diagonal_001.csv,273048,2.56e-06,0.00188,0.00136,1.86,1.721,1048576.0,0.8339848250044762,11.021485021215724,0.0,13281.089728538846,0.5184933185577393
medium/diagonal_002.csv,298887,1.77e-06,0.0014199999999999998,0.00125,1.861,1.682,1048576.0,0.32839432539790303,7.5718920227441275,0.0,12489.133478463264,0.5221973982724276
medium/diagonal_003.csv,258042,3e-06,0.0016600000000000002,0.00181,1.815,1.695,1048576.0,0.4227844433922634,8.116478207193012,0.0,13188.593645111392,0.5238714971040425
medium/diagonal_004.csv,288018,1.88e-06,0.0014199999999999998,0.00133,1.853,1.777,1048576.0,0.8131327624454434,11.414030810061313,0.0,14711.160503932007,0.5190473965236119
medium/diagonal_005.csv,157740,1.98e-06,0.00184,0.00107,1.79,1.523,1048576.0,0.5896008817111862,7.918464605841282,0.0,10251.219508754391,0.4958577156066895
medium/diagonal_006.csv,149277,1.93e-06,0.00133,0.00145,1.798,1.557,1048576.0,0.4809426336270296,6.687636974563576,0.0,8469.527632940444,0.4892143166583517
medium/diagonal_007.csv,191290,2.32e-06,0.00183,0.00127,1.815,1.575,1048576.0,0.5456760882116265,7.5686690625980715,0.0,12384.204857562783,0.5180532591683524
medium/diagonal_008.csv,204925,2.05e-06,0.0015,0.00137,1.797,1.5590000000000002,1048576.0,0.531471684843134,7.9609572650690685,0.0,13350.353410053733,0.5182918548583985
medium/diagonal_009.csv,114043,1.81e-06,0.00177,0.00102,1.745,1.514,1048576.0,0.40674879985796175,5.2027638206591815,0.0,1819.6910190590847,0.503690102521111
medium/diagonal_010.csv,201765,3.09e-06,0.00183,0.00169,1.847,1.7380000000000002,1048576.0,0.7759998799668067,8.79706054974093,0.0,12711.499476196084,0.5096969604492188
medium/gaussian_001.csv,113566,1.63e-06,0.00159,0.00102,1.727,1.809,1048576.0,0.6959621137711018,5.563113634688999,0.0,5374.427191816671,0.5018819360172048
medium/gaussian_002.csv,186772,1.64e-06,0.0015,0.00109,1.759,1.825,1048576.0,0.7036175318763479,7.329397847836883,0.0,11285.795640529555,0.506119932447161
medium/gaussian_003.csv,186644,1.46e-06,0.00114,0.00127,1.74,1.841,1048576.0,0.7167878153761115,7.187559717769346,0.0,9086.306189375959,0.5031160286494664
medium/gaussian_004.csv,190513,3.55e-06,0.00178,0.00199,1.768,1.836,1048576.0,0.6994037885869082,7.3194952611406565,0.0,9580.110249248446,0.523780277797154
medium/gaussian_005.csv,262264,2.32e-06,0.00165,0.0014,1.776,1.852,1048576.0,0.7643227810742377,8.425244907720751,0.0,13916.768790564129,0.5182710794302133
medium/gaussian_006.csv,277204,1.51e-06,0.00125,0.00121,1.766,1.833,1048576.0,0.7361662152984608,8.402836649624367,0.0,11769.170179846546,0.5150212311163181
medium/gaussian_007.csv,236709,3.16e-06,0.00194,0.00162,1.788,1.848,1048576.0,0.7335798804114232,7.87018023131335,0.0,13514.753386773513,0.5235588618687221
medium/gaussian_008.csv,289888,3.15e-06,0.00193,0.0016300000000000002,1.789,1.846,1048576.0,0.7708336158203692,8.349102061279853,0.0,14944.143656586177,0.5371304693676177
medium/gaussian_009.csv,163175,2.87e-06,0.00193,0.00149,1.77,1.844,1048576.0,0.6874557580964449,6.598980942665925,0.0,10255.135868119934,0.4992314147949219
medium/gaussian_010.csv,280707,2.2e-06,0.0016,0.00137,1.779,1.844,1048576.0,0.7242203429088729,8.423923846294096,0.0,10124.493633859342,0.526887149345584
medium/uniform_001.csv,284250,2e-06,0.00118,0.0017,1.996,1.997,1048576.0,1.0028006988622504,14.726450094881985,0.0,12872.260084591755,0.5065317835126605
medium/uniform_002.csv,169166,1.6e-06,0.00151,0.00107,1.999,1.995,1048576.0,1.002432279253606,11.056933430620699,0.0,10985.154508444566,0.5031231307983398
medium/uniform_003.csv,168257,1.75e-06,0.00157,0.00112,1.999,1.995,1048576.0,1.0025157731633143,10.386356906160744,0.0,10350.073237537983,0.5004055404663086
medium/uniform_004.csv,130822,2.38e-06,0.00156,0.00152,1.997,1.993,1048576.0,1.0029435762844054,9.82884637215482,0.0,1916.5666179676705,0.512222641392758
medium/uniform_005.csv,262969,1.56e-06,0.00132,0.00117,2.0,1.996,1048576.0,1.0023904138859696,13.471513391118831,0.0,13384.795483462656,0.5027135702279898
medium/uniform_006.csv,169883,2.62e-06,0.00148,0.00178,1.999,1.995,1048576.0,1.0030726892892772,10.861779345020091,0.0,9311.305759859893,0.5067168045043945
medium/uniform_007.csv,180695,1.55e-06,0.00131,0.00118,1.999,1.995,1048576.0,1.0023853361681754,12.52135382640656,0.0,10837.892347832663,0.4982603920830621
medium/uniform_008.csv,150379,2.09e-06,0.00124,0.00168,1.998,1.994,1048576.0,1.0027819427905358,11.124615758684175,0.0,8567.493347141164,0.4868002767148225
medium/uniform_009.csv,256600,1.85e-06,0.00116,0.00159,2.0,1.996,1048576.0,1.0026207466227806,13.61814093422476,0.0,13914.043499061201,0.5043553553129497
medium/uniform_010.csv,125877,2.35e-06,0.00151,0.00155,1.997,1.993,1048576.0,1.0028661886016963,9.056729634041547,0.0,1561.8922808291168,0.5195378727383084
medium/parcel_001.csv,167256,5.5e-06,0.00231,0.00246,2.0,1.999,1048576.0,0.9999975810470204,10.574856626880507,0.0,9829.022241830568,0.5039545440673828
medium/parcel_002.csv,237091,3.83e-06,0.00197,0.00195,2.0,1.999,1048576.0,0.9999931837156188,12.83249764675507,0.0,13763.08973646098,0.5095940998622349
medium/parcel_003.csv,145112,6.13e-06,0.00253,0.0026,2.0,1.999,1048576.0,0.9999876270650636,9.779305111924712,0.0,6217.589509436213,0.49567157571966
medium/parcel_004.csv,234844,3.84e-06,0.00193,0.00198,2.0,1.999,1048576.0,0.9999950380772192,13.037961312274096,0.0,13209.029679946756,0.5050992965698242
medium/parcel_005.csv,268795,3.21e-06,0.00179,0.0018,2.0,1.999,1048576.0,0.9999917103941406,13.015097575258718,0.0,14488.073027311377,0.5167651054186698
medium/parcel_006.csv,129037,6.81e-06,0.00247,0.00247,2.0,1.998,1048576.0,0.9999933880997116,9.348004361188961,0.0,2809.8018334911635,0.5081063822696084
medium/parcel_007.csv,229695,4e-06,0.0020800000000000003,0.00192,2.0,1.999,1048576.0,0.9999978098667979,12.469471270020044,0.0,14389.975332233327,0.5081927916582893
medium/parcel_008.csv,170591,5.54e-06,0.0022,0.0022,2.0,1.998,1048576.0,0.9999987843126268,10.921339195393672,0.0,10520.159042996487,0.4941285206721379
medium/parcel_009.csv,274540,3.4e-06,0.00187,0.00182,2.0,1.999,1048576.0,0.9999966188465734,13.61490263270098,0.0,15850.840409817392,0.51592116355896
medium/parcel_010.csv,146911,6e-06,0.00225,0.00225,2.0,1.998,1048576.0,0.9999954567156616,9.667890460594236,0.0,8480.429814267125,0.4986760399558328
medium/bit_001.csv,121686,3.48e-06,0.00191,0.00182,0.81,0.665,1048576.0,0.9302052836271733,11.396726532968323,0.42327001621075655,246121.36960947321,0.5674893730565121
medium/bit_002.csv,286626,2.57e-06,0.00165,0.00156,2.0,1.7080000000000002,1048576.0,0.9876200614032784,22.449706652457923,0.0,40999.750350133145,0.4419016611008417
medium/bit_003.csv,121473,1.39e-06,0.00105,0.00132,1.996,1.842,1048576.0,1.000617046479479,8.63670487991651,0.0,3404.12444690261,0.4221692085266113
medium/bit_004.csv,211589,1.97e-06,0.00188,0.00105,0.81,0.7040000000000001,1048576.0,0.8816588308804173,15.519177201177692,0.3753667471506207,156043.97301054507,0.6350199791692919
medium/bit_005.csv,297806,2.17e-06,0.00196,0.00111,1.998,1.876,1048576.0,1.0010066140137281,27.26212288783269,0.0,23546.567138639613,0.42257079211148346
medium/bit_006.csv,205713,2.1000000000000002e-06,0.00153,0.00137,0.757,0.779,1048576.0,0.9598570139726816,12.830969471202707,0.3911050713251106,164994.24937407835,0.5769890815980973
medium/bit_007.csv,160065,3.22e-06,0.00195,0.00165,0.8109999999999999,0.6859999999999999,1048576.0,1.255458065094451,31.604208660298053,5.03461625972001,552796.7782093139,0.6653653780619303
medium/bit_008.csv,136564,1.86e-06,0.00106,0.00176,1.997,1.806,1048576.0,1.0005489880216376,9.8432112697638,0.0,4659.310397331863,0.3851175762358166
medium/bit_009.csv,260431,1.28e-06,0.00122,0.00105,1.984,1.651,1048576.0,0.993992297542708,25.80790128048811,0.0,109303.11315188244,0.4823073085985686
medium/bit_010.csv,232458,1.38e-06,0.0013,0.00106,1.996,1.816,1048576.0,0.9867776599477646,20.83417153128481,0.0,52493.10712639205,0.4354384085711311
real/OSM2015_buildings_data_big_02.csv,10325609,1.06e-11,1.39e-06,3.79e-06,1.318,0.624,33554432.0,835.0384059221684,199.4172463,861.465133890807,153023.99298460598,0.6104451780733855
real/OSM2015_buildings_data_big_03.csv,38659593,9.13e-12,1.54e-06,3.71e-06,1.462,1.641,33554432.0,996.4948824725673,322.76928870000006,1312.8162857103266,240457.9117422596,0.6181312901132247
real/OSM2015_buildings_data_big_12.csv,12127067,4.66e-12,1.03e-06,3.34e-06,1.052,0.5539999999999999,33554432.0,776.5410923765297,232.9779371,932.2702500482904,614608.5927292762,0.5615861095764019
real/OSM2015_buildings_data_big_14.csv,5382201,1.58e-11,1.79e-06,4.71e-06,1.208,0.659,33554432.0,787.7072138545842,154.95723189999995,783.8525358502087,224174.84718225527,0.5820710733532906
real/OSM2015_buildings_data_big_16.csv,52295732,1.32e-11,2.07e-06,3.97e-06,1.68,1.4580000000000002,33554432.0,924.6446473855847,450.83069989999996,1197.2832481158166,541674.0124401469,0.5770488555016725
real/OSM2015_buildings_data_big_21.csv,20054273,2.2e-11,2.44e-06,5.38e-06,1.791,1.151,33554432.0,1133.7186821541793,424.3101016,1661.2851928422476,151910.5122923869,0.5909927128390833
real/OSM2015_buildings_data_big_22.csv,28319828,2.87e-11,3.07e-06,5.62e-06,1.505,1.389,33554432.0,1289.9459781276994,537.5675981,2167.311753397699,447369.45664120966,0.5775642721425921
real/OSM2015_buildings_data_big_15_05.csv,16224332,8.86e-11,4.89e-06,1.15e-05,1.802,1.635,33554432.0,28.520253632485403,52.03142730000002,34.304095787537236,465446.0908272411,0.5542809375458293
real/OSM2015_buildings_data_big_15_06.csv,52577020,7.45e-11,4.84e-06,1.07e-05,1.826,1.5019999999999998,33554432.0,35.991403159922314,118.81882749999995,77.09155562322269,608534.866952034,0.5566847247296366
real/OSM2015_buildings_data_big_15_09.csv,71659351,8.440000000000001e-11,4.69e-06,1.1e-05,1.857,1.505,33554432.0,72.87780808722654,204.56580700000006,126.77619814912336,713483.4673786012,0.5380678031640717
real/OSM2015_buildings_data_big_15_10.csv,91723929,1.02e-10,5.62e-06,1.26e-05,1.927,1.556,33554432.0,95.96909668517384,276.1642577999999,189.29294611627049,691886.8482917055,0.5411108431249562
real/OSM2015_buildings_data_big_15_11.csv,114809693,1.16e-10,5.83e-06,1.23e-05,1.941,1.604,33554432.0,90.11390559799557,281.17769700000025,176.2575207654125,785430.8262550753,0.549256317700322
real/OSM2015_buildings_data_big_15_13.csv,9891816,1.5800000000000002e-10,6.94e-06,1.63e-05,1.25,1.474,33554432.0,69.12092375766672,63.66494870000001,87.26682369248672,94181.35060984324,0.583509391004389
real/OSM2015_buildings_data_big_15_14.csv,31368498,1.67e-10,7.46e-06,1.65e-05,1.444,1.5119999999999998,33554432.0,89.95305206539427,145.55267750000004,169.2504659578524,213917.5255036389,0.581216424703598
real/OSM2015_buildings_data_big_15_15.csv,40606766,1.56e-10,7.17e-06,1.51e-05,1.93,1.5319999999999998,33554432.0,93.9707691028922,183.439721,182.5269081697396,563847.3421609886,0.5716526213619444
real/OSM2015_lakes_data_big_05.csv,28567208,1.41e-08,3.36e-06,9.48e-06,1.721,1.546,33554432.0,2286.6228371573893,514.1217601,3840.6616919626367,326699.92912953725,0.6121124842810253
real/OSM2015_lakes_data_big_06.csv,137747632,4.17e-08,5.97e-06,1.1e-05,1.788,1.645,33554432.0,3591.3047618445644,1673.1712668000002,9583.597224640649,486011.5149439331,0.6174074425162261
real/OSM2015_lakes_data_big_07.csv,6295823,2.79e-07,0.000127,1.85e-05,1.4,1.754,33554432.0,8863.556312388146,1098.4567057,6804.508137235542,1398352.3603372779,0.5780025379998344
real/OSM2015_lakes_data_big_10.csv,57100749,5.63e-08,4.96e-06,9.65e-06,1.822,1.632,33554432.0,3686.36333188599,1200.1442634999992,9701.716776961946,552316.2822341061,0.5709885557492574
real/OSM2015_lakes_data_big_11.csv,26475195,8.97e-08,3.78e-05,1.66e-05,1.777,1.65,33554432.0,10361.187975681945,1506.0650817999995,7390.694048478358,525333.5003157351,0.5755501692665035
real/OSM2015_lakes_data_big_13.csv,9007296,3.61e-08,1.04e-05,3.02e-05,1.842,1.474,33554432.0,4153.0828866650545,569.7279841,6891.54004893938,381942.65775524476,0.5841739654541016
real/OSM2015_lakes_data_big_14.csv,16071182,2.87e-07,1.16e-05,2.21e-05,1.7990000000000002,1.767,33554432.0,6089.755572172698,829.3803859999997,12080.205734930512,178624.74866098657,0.5769177758031421
real/OSM2015_lakes_data_big_15.csv,14057561,3.24e-07,6.35e-05,1.84e-05,1.72,1.5119999999999998,33554432.0,15941.160644943791,1455.6319459000006,24450.402894973773,224577.51974242835,0.585235063106783
real/OSM2015_parks_data_big_02.csv,28825654,2.09e-08,1.47e-05,3.04e-05,1.838,1.548,33554432.0,1561.9592115758262,535.3598977999999,2586.3377765789705,202155.5180710001,0.6108088423497975
real/OSM2015_parks_data_big_03.csv,29372785,2.24e-08,2.01e-05,3.510000000000001e-05,1.6569999999999998,1.796,33554432.0,1298.206533080108,518.2334066000002,2293.924399503051,366524.11162788677,0.6175958555478316
real/OSM2015_parks_data_big_07.csv,12419732,1.97e-09,9.24e-06,2.08e-05,1.682,1.4280000000000002,33554432.0,601.8724160995413,196.22470009999995,676.1798568353443,227218.53911304945,0.5728560153927121
real/OSM2015_parks_data_big_08.csv,15583284,1.3e-09,7.97e-06,1.46e-05,1.6980000000000002,1.4340000000000002,33554432.0,1515.84976480289,285.0630846,1836.4245659511405,148616.31513381793,0.576215398311615
real/OSM2015_parks_data_big_12.csv,52799776,1.13e-08,1.04e-05,2.31e-05,1.628,1.671,33554432.0,1963.799618466249,739.2136460000003,3020.0748207257,573373.9273255928,0.5700248530787281
real/OSM2015_parks_data_big_13.csv,178346237,3.39e-08,1.15e-05,2.07e-05,1.879,1.732,33554432.0,2667.532008567425,1744.2021170000005,6415.3806278205575,640784.1049097094,0.5774236349579023
real/OSM2015_parks_data_big_18.csv,13206006,1.45e-08,1.41e-05,2.4100000000000006e-05,1.695,1.46,33554432.0,2022.0996103665125,445.1402793,3434.6849939055664,140818.88260651327,0.5916041156341291
real/OSM2015_roads_data_big_00.csv,5484793,5.57e-10,8.05e-06,2.0600000000000006e-05,1.546,1.418,33554432.0,641.1806238960037,162.78061679999996,786.4281366913033,427719.727147588,0.5486856951163366
real/OSM2015_roads_data_big_01.csv,13303075,8.569999999999998e-10,9.28e-06,2.21e-05,1.651,1.395,33554432.0,1228.771403279651,338.2691472,1889.7300897604277,634369.2187430746,0.5945296396811803
real/OSM2015_roads_data_big_02.csv,148387239,2.62e-10,8.32e-06,1.73e-05,1.96,1.751,33554432.0,1511.596990372446,1355.8756488999995,3111.960870870152,635965.0397352289,0.5804253916250416
real/OSM2015_roads_data_big_03.csv,14642967,5.599999999999999e-10,1.44e-05,2.6e-05,1.716,1.655,33554432.0,1339.1805827334476,344.49659810000014,2244.82691252077,500368.1982687696,0.58441003705516
real/OSM2015_roads_data_big_10.csv,6512868,1.01e-09,1.01e-05,2.56e-05,1.818,1.381,33554432.0,856.598176078515,205.829263,1244.710743371669,520970.32385452953,0.5380310654640198
real/OSM2015_roads_data_big_11.csv,4395945,2.79e-09,1.2e-05,2.98e-05,1.76,1.248,33554432.0,1232.1513788740795,188.0560059,1469.116464670839,532731.0538252486,0.571326857805252
real/OSM2015_roads_data_big_12.csv,79514826,2.29e-10,6.16e-06,1.21e-05,1.7719999999999998,1.707,33554432.0,1289.8566319634267,767.0967270999997,2364.071707737467,532901.2231554815,0.5802868640422821
real/OSM2015_roads_data_big_13.csv,159664847,2.82e-10,8.53e-06,1.3800000000000003e-05,1.891,1.808,33554432.0,1234.8708242582813,1172.8782042000007,2486.2841730262758,605624.3979876611,0.5762648153203455
real/OSM2015_roads_data_big_17.csv,34024125,7.190000000000001e-10,8.92e-06,1.7800000000000002e-05,1.829,1.595,33554432.0,1638.3954705446454,643.8296951,2793.8866548567407,233980.5247303216,0.5868613668282827
real/OSM2015_roads_data_big_18.csv,36955766,1.4300000000000002e-09,1.6800000000000002e-05,2.54e-05,1.941,1.634,33554432.0,1911.9989107697006,742.6623371999997,3728.876681032937,227434.9183675895,0.5842230203675061
real/OSM2015_roads_data_big_21.csv,17322635,8.47e-10,1.01e-05,2.45e-05,1.863,1.515,33554432.0,1542.7766819226792,452.52215410000014,2867.950620416244,279130.5676869306,0.5806332146510099
real/OSM2015_roads_data_big_22.csv,7819439,2.31e-09,1.59e-05,3.26e-05,1.661,1.4280000000000002,33554432.0,1456.3388993364679,303.05753440000007,2298.231732803599,250355.67676553372,0.5641445881790585
real/TIGER2017_LINEARWATER_data_big_04.csv,2253431,6.819999999999999e-10,2.53e-05,1.57e-05,1.6909999999999998,1.675,33554432.0,402.21930552478995,84.84636999999998,361.6177721703376,540334.5031256102,0.8251187801361084
real/TIGER2017_LINEARWATER_data_big_09.csv,4057404,9.41e-10,2.79e-05,1.73e-05,1.764,1.6840000000000002,33554432.0,490.0295436646524,127.76684400000003,454.6967112793119,605050.2884868535,0.8232168720828162
real/TIGER2017_LINEARWATER_data_big_12.csv,16560243,1.52e-10,8.94e-06,9.75e-06,1.773,1.787,33554432.0,149.34823605428224,143.5473610000001,295.96819218566486,914366.03544137,0.7476467981531814
real/TIGER2017_LINEARWATER_data_big_13.csv,48450461,1.6199999999999998e-10,9.91e-06,9.63e-06,1.879,1.862,33554432.0,468.69153565031286,440.42755299999993,933.6677644188327,968773.3606682741,0.7908693138720855
real/TIGER2017_LINEARWATER_data_big_17.csv,71852204,1.03e-10,6.74e-06,7.82e-06,1.874,1.867,33554432.0,524.980100484428,561.845411,1037.0270447805956,2049761.179237059,0.8236229059043204
real/TIGER2017_LINEARWATER_data_big_18.csv,76617302,1.23e-10,8.37e-06,8.58e-06,1.938,1.874,33554432.0,781.6189398127577,686.0868929999995,1681.5984143707512,1426132.6829688016,0.8068972655705043
real/TIGER2017_LINEARWATER_data_big_22.csv,25139411,1.6299999999999998e-10,7.84e-06,9.22e-06,1.791,1.824,33554432.0,239.4587367417872,216.57481600000003,387.7321513193728,1241593.7911589246,0.839748000014912
real/TIGER2017_LINEARWATER_data_big_23.csv,40954141,1.13e-10,7.27e-06,7.65e-06,1.784,1.816,33554432.0,346.1409504001904,334.55460700000026,610.5373978570324,974826.3480893022,0.8244925830099318
real/TIGER2018_EDGES_data_big_02.csv,10795927,4.66e-09,3.89e-05,4.36e-05,1.902,1.836,33554432.0,68.44112297974,77.73330999999995,116.71548795863606,1305446.362331673,0.7582533893485864
real/TIGER2018_EDGES_data_big_03.csv,17108764,3.18e-09,3.92e-05,4.33e-05,1.985,1.867,33554432.0,92.79462647608378,117.14215999999979,154.82382488016498,996745.5829018044,0.7582232740364576
real/TIGER2018_EDGES_data_big_04.csv,18469553,2.69e-09,3.85e-05,3.99e-05,1.984,1.868,33554432.0,98.22362768366993,122.21723899999996,180.2623804520361,860711.7083921108,0.7737628206974123
real/TIGER2018_EDGES_data_big_05.csv,16629288,2.14e-09,3.88e-05,3.68e-05,1.972,1.898,33554432.0,91.93164942660091,114.430649,166.6695370044715,1000349.7451264164,0.7833761870861053
real/TIGER2018_EDGES_data_big_08.csv,40279699,2.98e-09,2.84e-05,3.44e-05,1.983,1.907,33554432.0,99.52769877849329,181.62378900000041,198.69741800722844,1709395.674677351,0.8474827103994109
real/TIGER2018_EDGES_data_big_09.csv,37913635,1.47e-09,2.82e-05,3.3100000000000005e-05,1.999,1.925,33554432.0,104.4388484464193,181.20616800000005,203.30062450136865,1450497.0487545126,0.8040060246565256
real/TIGER2018_EDGES_data_big_10.csv,23625802,1.94e-09,3.81e-05,4.16e-05,1.994,1.901,33554432.0,100.00902671886112,136.6134760000001,187.74555956435842,1300610.5242316308,0.7898196469132717
real/TIGER2018_EDGES_data_big_11.csv,12851944,3.03e-09,5.400000000000001e-05,5.04e-05,1.977,1.881,33554432.0,90.66952647703792,99.26293899999992,160.07689782738947,1691217.8251266228,0.8588885633008821
real/TIGER2018_EDGES_data_big_14.csv,29782914,2.77e-09,2.81e-05,3.4200000000000005e-05,1.942,1.866,33554432.0,78.73300607609312,140.219336,151.1482883611122,1567628.871020903,0.8613567740628214
real/TIGER2018_EDGES_data_big_15.csv,46503518,1.82e-09,2.85e-05,3.2500000000000004e-05,2.0,1.934,33554432.0,108.90514398373018,209.27601300000032,222.4802771174052,1411517.160100416,0.8504321028788885
real/TIGER2018_EDGES_data_big_16.csv,30468465,1.9600000000000003e-09,3.53e-05,3.7e-05,1.985,1.857,33554432.0,99.74301726959386,160.634871,181.4131678132096,1276172.0419345994,0.8460870612023482
real/TIGER2018_EDGES_data_big_17.csv,16078250,4.92e-09,3.58e-05,3.46e-05,1.912,1.853,33554432.0,78.4167211730599,101.31468499999994,145.64606051462155,1116609.2986865786,0.8526190419991811
real/TIGER2018_EDGES_data_big_19.csv,7306626,3.8e-09,3.2299999999999986e-05,3.91e-05,1.812,1.719,33554432.0,24.005194509954034,39.142633999999966,40.23007051515449,705214.7703792502,0.8868140559643507
real/TIGER2018_EDGES_data_big_20.csv,23734111,3.44e-09,3.2899999999999987e-05,3.97e-05,1.923,1.847,33554432.0,74.89085568933302,120.34616299999992,137.40743310960193,1750883.3878318663,0.8569099169511062
real/TIGER2018_EDGES_data_big_21.csv,62991454,1.91e-09,2.45e-05,2.8000000000000006e-05,2.0,1.931,33554432.0,106.112367372034,240.77464900000007,206.8377565186737,918473.8914711248,0.8499611382432979
real/TIGER2018_EDGES_data_big_22.csv,32382141,2.69e-09,3.47e-05,3.63e-05,1.955,1.895,33554432.0,99.85125930421879,158.10943999999986,191.73897228237897,982304.6919167308,0.8406037629490167
real/TIGER2018_EDGES_data_big_27.csv,21521425,3.34e-09,2.71e-05,3.06e-05,1.866,1.875,33554432.0,41.88064147490605,91.445642,73.10950617965243,625778.3170793023,0.8313792155434688
real/TIGER2018_EDGES_data_big_28.csv,44058116,3e-09,2.92e-05,3.12e-05,1.965,1.891,33554432.0,90.45658376432016,180.23097100000004,180.649420747809,856513.8313028949,0.8362050363697957
real/TIGER2018_EDGES_data_big_34.csv,6814428,3.73e-09,3e-05,3.27e-05,1.788,1.79,33554432.0,17.727455517204056,30.62032300000001,23.414969493038047,675928.0191772691,0.8360422134399415
real/TIGER2018_EDGES_data_big_35.csv,5440731,4.220000000000001e-09,3.5600000000000005e-05,3.74e-05,1.767,1.831,33554432.0,24.900015963344842,33.69294799999992,34.4275575180676,749743.5199276855,0.8765471776326498
real/TIGER2018_FACES_data_big_02.csv,5271559,1.06e-08,3.52e-05,4.89e-05,1.839,1.86,33554432.0,19.327654377547,30.71204800000001,29.541134722646085,114335.30893491766,0.6668002481261889
real/TIGER2018_FACES_data_big_03.csv,18433250,1.45e-08,5.14e-05,6.77e-05,1.969,1.826,33554432.0,86.47321783609307,118.60630000000003,159.9684721915963,403730.50834851945,0.6462368776158589
real/TIGER2018_FACES_data_big_04.csv,24436195,1.04e-08,3.9e-05,5.11e-05,1.974,1.828,33554432.0,85.83103915933107,130.60891200000006,161.28061781309472,220123.36674351656,0.6538621065793214
real/TIGER2018_FACES_data_big_05.csv,20375100,1.04e-08,4.6e-05,5.44e-05,1.973,1.851,33554432.0,89.23271848589003,123.11780900000004,178.1051417377903,194530.1212216292,0.6589123851723141
real/TIGER2018_FACES_data_big_06.csv,19242159,9.53e-09,4.35e-05,4.78e-05,1.953,1.89,33554432.0,80.83798580711904,114.15581300000004,154.66806475158225,196371.3794704791,0.6748678932587305
real/TIGER2018_FACES_data_big_09.csv,35921097,7.840000000000001e-09,3.3100000000000005e-05,4.91e-05,1.93,1.865,33554432.0,68.47243931993607,144.19780900000015,135.9869462041363,393362.0577464629,0.7213645875453949
real/TIGER2018_FACES_data_big_10.csv,59339608,5.16e-09,2.9100000000000006e-05,4.25e-05,1.997,1.906,33554432.0,92.73949923580915,216.318943,187.54784232660614,628811.289083574,0.6890698256400916
real/TIGER2018_FACES_data_big_11.csv,45251447,4.34e-09,3.4200000000000005e-05,4.8e-05,1.996,1.915,33554432.0,92.00770768657713,183.21735900000016,185.09270204585454,394172.8504299338,0.6915290476095797
real/TIGER2018_FACES_data_big_12.csv,25266262,6.21e-09,4.9e-05,5.95e-05,1.99,1.862,33554432.0,88.72006358737002,134.79555799999994,162.5571343095981,332699.486180111,0.6881943073655877
real/TIGER2018_FACES_data_big_13.csv,17160912,1.01e-08,6.13e-05,6.9e-05,1.971,1.87,33554432.0,81.9789447818591,108.35530800000008,152.45419596345212,369624.8105858957,0.6933585452406031
real/TIGER2018_FACES_data_big_16.csv,19220169,7.9e-09,3.21e-05,4.74e-05,1.881,1.785,33554432.0,36.343084884218,79.14200700000005,78.08599331858197,275786.4849261031,0.7230731277238756
real/TIGER2018_FACES_data_big_17.csv,53880263,4.82e-09,3.06e-05,4.25e-05,1.997,1.902,33554432.0,94.08424472567005,204.302499,191.7186797005801,496291.2612111775,0.6873078661955009
real/TIGER2018_FACES_data_big_18.csv,56602572,4.85e-09,3.28e-05,4.41e-05,1.998,1.907,33554432.0,94.59314657802996,212.11864699999995,196.9877632772831,324495.8135058432,0.6875497487283522
real/TIGER2018_FACES_data_big_19.csv,39999160,4.25e-09,3.98e-05,4.760000000000001e-05,1.975,1.815,33554432.0,90.85316772729105,171.23332800000006,185.68715637497013,301949.4035337004,0.6922538795254447
real/TIGER2018_FACES_data_big_20.csv,19702639,1.2e-08,3.82e-05,4.47e-05,1.895,1.837,33554432.0,65.79990028684598,102.00884300000004,120.77118849067408,215729.95395591753,0.6876125146042217
real/TIGER2018_FACES_data_big_23.csv,23536075,7.18e-09,3.47e-05,5.18e-05,1.852,1.77,33554432.0,48.724413814984025,95.84421,104.61200383920223,281001.8726241589,0.7064678921149328
real/TIGER2018_FACES_data_big_24.csv,55607575,6.03e-09,3.3e-05,4.54e-05,1.982,1.89,33554432.0,86.64113297252403,203.47709600000007,177.1079362572564,468580.1072487434,0.6746862031579987
real/TIGER2018_FACES_data_big_25.csv,78741390,5.2200000000000006e-09,2.67e-05,3.55e-05,1.998,1.913,33554432.0,98.35596782239293,257.02033300000005,216.50713276838852,364377.4517995868,0.6810584152709542
real/TIGER2018_FACES_data_big_26.csv,29787342,6e-09,4.54e-05,5.44e-05,1.918,1.85,33554432.0,80.37885767936591,136.70097200000004,145.0681272169737,223096.80477587733,0.6816750832579352
real/TIGER2018_FACES_data_big_31.csv,6549950,1.08e-08,3.86e-05,5.14e-05,1.7519999999999998,1.654,33554432.0,12.372726910980036,27.328231000000038,16.757124816258152,120719.28520302336,0.6458543916543324
real/TIGER2018_FACES_data_big_32.csv,46459890,5.04e-09,2.87e-05,3.68e-05,1.909,1.867,33554432.0,52.24698997343195,140.89341100000004,106.23341156619564,285651.6350901025,0.6783349540303735
real/TIGER2018_FACES_data_big_33.csv,51516901,6.54e-09,3.28e-05,4.14e-05,1.959,1.888,33554432.0,79.97288792131795,185.10220799999985,158.5600794436776,312891.25410553283,0.6832645640964001
real/TIGER2018_FACES_data_big_40.csv,14529270,7.54e-09,3.3100000000000005e-05,4.28e-05,1.813,1.7619999999999998,33554432.0,24.706001194797004,52.24719500000001,47.37054889093994,125696.77496717035,0.6787549229338765
real/TIGER2018_FACES_data_big_41.csv,4378852,1.24e-08,4.39e-05,5.25e-05,1.729,1.78,33554432.0,17.345171859331042,25.598900000000054,22.936486829326075,103958.37820993553,0.6578453958034516
