dataset1,dataset2,bnlj_result_size,bnlj_mbr_tests,bnlj_duration,pbsm_result_size,pbsm_mbr_tests,pbsm_duration,dj_result_size,dj_mbr_tests,dj_duration,repj_result_size,repj_mbr_tests,repj_mbr_tests_join,repj_mbr_tests_index,repj_duration,1st,2nd,3rd,4th
OSM2015_lakes_data_big_05.csv,OSM2015_buildings_data_big_02.csv,7024734,2888385411,122.966433278,7024734,148557930,85.05289604,7024734,1310193915,17.558473565,7024538,2570607399,1920094158,650513241,142.558800646,dj,pbsm,bnlj,repj
OSM2015_lakes_data_big_06.csv,OSM2015_buildings_data_big_02.csv,0,2007362731,-1,30800404,161248568,31.117992715,30800404,1709576915,11.228408219,0,5741319866,2612660945,3128658921,-1,dj,pbsm,bnlj,repj
OSM2015_parks_data_big_02.csv,OSM2015_buildings_data_big_02.csv,0,5026646906,-1,12337216,440093876,19.40494148,12337216,2755769614,5.999572852,0,3832012566,3171173718,660838848,-1,dj,pbsm,bnlj,repj
OSM2015_roads_data_big_01.csv,OSM2015_buildings_data_big_02.csv,0,1565464527,-1,76401,55863782,14.408331355,76401,343168767,4.437172048,0,541367294,231599084,309768210,-1,dj,pbsm,bnlj,repj
OSM2015_roads_data_big_02.csv,OSM2015_buildings_data_big_02.csv,0,2057041311,-1,2142533,1134997068,34.291656138,2142533,7430080450,28.356868066,0,7503605212,4137457330,3366147882,-1,dj,pbsm,bnlj,repj
TIGER2017_LINEARWATER_data_big_17.csv,OSM2015_buildings_data_big_02.csv,0,251638318,-1,24692,40880355,19.586326301,24692,983273617,14.892537807,0,1969451093,348330794,1621120299,-1,dj,pbsm,bnlj,repj
TIGER2017_LINEARWATER_data_big_18.csv,OSM2015_buildings_data_big_02.csv,0,248382161,-1,3169,2297549,15.163623617,3169,313896578,7.559657287,0,2063047468,328345492,1734701976,-1,dj,pbsm,bnlj,repj
TIGER2017_LINEARWATER_data_big_22.csv,OSM2015_buildings_data_big_02.csv,0,1135355645,-1,26537,72285686,20.315055468,26537,1906699597,14.23387859,0,2074796905,1506888520,567908385,-1,dj,pbsm,bnlj,repj
TIGER2017_LINEARWATER_data_big_23.csv,OSM2015_buildings_data_big_02.csv,0,731346043,-1,7252,15084759,14.183339082,7252,931037872,6.376892526,0,2130799214,1201494584,929304630,-1,dj,pbsm,bnlj,repj
TIGER2018_EDGES_data_big_02.csv,OSM2015_buildings_data_big_02.csv,0,77580241,-1,14321,4439023,7.744141546,14321,177790649,5.650932941,0,281284718,33470150,247814568,-1,dj,pbsm,bnlj,repj
TIGER2018_EDGES_data_big_03.csv,OSM2015_buildings_data_big_02.csv,0,154135984,-1,24009,9338611,9.210158299,24009,328346370,5.133861966,0,446899508,54526442,392373066,-1,dj,pbsm,bnlj,repj
TIGER2018_EDGES_data_big_04.csv,OSM2015_buildings_data_big_02.csv,0,281248866,-1,19107,4335523,8.084078578,19107,116223546,4.596357593,0,600060602,176710715,423349887,-1,dj,pbsm,bnlj,repj
TIGER2018_EDGES_data_big_08.csv,OSM2015_buildings_data_big_02.csv,0,198712799,-1,117761,31599018,12.275008183,117761,836594362,11.963036991,0,908653416,0,908653416,-1,dj,pbsm,bnlj,repj
TIGER2018_EDGES_data_big_09.csv,OSM2015_buildings_data_big_02.csv,0,257063952,-1,18502,10890612,11.004374361,18502,561877763,7.777109992,0,867120477,10095096,857025381,-1,dj,pbsm,bnlj,repj
TIGER2018_EDGES_data_big_10.csv,OSM2015_buildings_data_big_02.csv,0,192906417,-1,4547,829062,7.788210803,4547,125596601,4.934236722,0,536931564,0,536931564,-1,dj,pbsm,bnlj,repj
TIGER2018_EDGES_data_big_14.csv,OSM2015_buildings_data_big_02.csv,0,118614324,-1,282488,97305984,11.127941596,282488,868893181,12.83117155,0,749872081,68382019,681490062,-1,pbsm,dj,bnlj,repj
TIGER2018_EDGES_data_big_15.csv,OSM2015_buildings_data_big_02.csv,0,163415280,-1,51715,20854803,12.727441929,51715,686109636,15.044073671,0,1584724646,531512732,1053211914,-1,pbsm,dj,bnlj,repj
TIGER2018_EDGES_data_big_16.csv,OSM2015_buildings_data_big_02.csv,0,119748549,-1,615,158218,8.404754358,615,129435392,5.546535284,0,691815669,0,691815669,-1,dj,pbsm,bnlj,repj
TIGER2018_EDGES_data_big_19.csv,OSM2015_buildings_data_big_02.csv,0,687568614,-1,59277,25530055,8.569858333,59277,501105108,5.43707891,0,536186411,370976699,165209712,-1,dj,pbsm,bnlj,repj
TIGER2018_EDGES_data_big_20.csv,OSM2015_buildings_data_big_02.csv,0,974290396,-1,99516,38923864,10.688804268,99516,1595737515,9.179673405,0,677708943,140777379,536931564,-1,dj,pbsm,bnlj,repj
TIGER2018_EDGES_data_big_21.csv,OSM2015_buildings_data_big_02.csv,0,424264562,-1,335669,93355548,17.696439523,335669,2881067562,22.091010576,0,2644208700,1208949327,1435259373,-1,pbsm,dj,bnlj,repj
TIGER2018_EDGES_data_big_22.csv,OSM2015_buildings_data_big_02.csv,0,1058650666,-1,9683,749131,8.645527408,9683,187662142,5.572891719,0,733118097,0,733118097,-1,dj,pbsm,bnlj,repj
TIGER2018_EDGES_data_big_27.csv,OSM2015_buildings_data_big_02.csv,0,3566892826,-1,401729,214826774,11.927827144,401729,3274030763,11.257593456,0,2417254606,1921625470,495629136,-1,dj,pbsm,bnlj,repj
TIGER2018_EDGES_data_big_28.csv,OSM2015_buildings_data_big_02.csv,0,3558972861,-1,237003,42669703,10.554580687,237003,1237186460,7.579021058,0,1081988979,80405100,1001583879,-1,dj,pbsm,bnlj,repj
OSM2015_buildings_data_big_02.csv,TIGER2018_FACES_data_big_02.csv,2765,52129031,16.116008483,2765,193942,12.614929414,2765,45928820,4.975648927,0,121245857,0,121245857,-1,dj,pbsm,bnlj,repj
TIGER2018_FACES_data_big_03.csv,OSM2015_buildings_data_big_02.csv,0,269423465,-1,44132,16083895,12.178614953,44132,387981811,5.043263185,0,489443816,66093929,423349887,-1,dj,pbsm,bnlj,repj
TIGER2018_FACES_data_big_04.csv,OSM2015_buildings_data_big_02.csv,0,220375807,-1,104175,27173755,8.834194128,104175,416940761,4.341419795,0,557582778,0,557582778,-1,dj,pbsm,bnlj,repj
TIGER2018_FACES_data_big_09.csv,OSM2015_buildings_data_big_02.csv,0,128150512,-1,187446,38806464,10.490650146,187446,678704962,5.332565343,0,815722953,0,815722953,-1,dj,pbsm,bnlj,repj
TIGER2018_FACES_data_big_10.csv,OSM2015_buildings_data_big_02.csv,0,292034077,-1,74317,25116253,13.938591615,74317,1136876566,14.609707131,0,1456824594,114495684,1342328910,-1,pbsm,dj,bnlj,repj
TIGER2018_FACES_data_big_11.csv,OSM2015_buildings_data_big_02.csv,0,342684352,-1,38318,11802208,11.769272036,38318,607897427,8.219709988,0,1022235093,0,1022235093,-1,dj,pbsm,bnlj,repj
TIGER2018_FACES_data_big_16.csv,OSM2015_buildings_data_big_02.csv,0,411441099,-1,707404,143381318,9.329470577,707404,961090120,5.982531232,0,446696216,13020722,433675494,-1,dj,pbsm,bnlj,repj
TIGER2018_FACES_data_big_17.csv,OSM2015_buildings_data_big_02.csv,0,518937522,-1,58346,15691261,13.421640949,58346,850244226,16.496397337,0,2134767014,916345388,1218421626,-1,pbsm,dj,bnlj,repj
TIGER2018_FACES_data_big_18.csv,OSM2015_buildings_data_big_02.csv,0,1991244958,-1,83717,20485970,14.444812562,83717,764879890,14.524961487,0,1599635913,319260645,1280375268,-1,pbsm,dj,bnlj,repj
TIGER2018_FACES_data_big_23.csv,OSM2015_buildings_data_big_02.csv,0,606129376,-1,164068,59840944,8.915056647,164068,1315565250,6.399863847,0,1138328841,601397277,536931564,-1,dj,pbsm,bnlj,repj
TIGER2018_FACES_data_big_24.csv,OSM2015_buildings_data_big_02.csv,0,865362270,-1,688861,165476876,15.236390936,688861,4561771474,23.621003699,0,1609238319,339188658,1270049661,-1,pbsm,dj,bnlj,repj
TIGER2018_FACES_data_big_25.csv,OSM2015_buildings_data_big_02.csv,0,792681838,-1,187864,27401600,18.890987876,187864,1651779460,17.837453852,0,3834621520,2048291509,1786330011,-1,dj,pbsm,bnlj,repj
OSM2015_buildings_data_big_02.csv,TIGER2018_FACES_data_big_31.csv,0,3412452735,-1,137184,42992818,8.735063124,137184,1168744955,4.879762352,0,269593574,118944724,150648850,-1,dj,pbsm,bnlj,repj
TIGER2018_FACES_data_big_32.csv,OSM2015_buildings_data_big_02.csv,0,2819812550,-1,1240858,473104503,14.604476246,1240858,5785098296,13.868997885,0,4006506102,2953294188,1053211914,-1,dj,pbsm,bnlj,repj
OSM2015_buildings_data_big_03.csv,OSM2015_parks_data_big_02.csv,0,1135648145,-1,5443438,1004662637,23.515901739,5443438,8889473453,20.997162274,0,5801334798,3351155993,2450178805,-1,dj,pbsm,bnlj,repj
OSM2015_buildings_data_big_03.csv,OSM2015_parks_data_big_03.csv,0,1874280391,-1,407997,46416919,12.544908174,407997,1046354717,5.197180983,0,3063834482,567227742,2496606740,-1,dj,pbsm,bnlj,repj
OSM2015_roads_data_big_02.csv,OSM2015_buildings_data_big_03.csv,0,323536537,-1,11488123,3423788363,31.202598678,11488123,20770243175,38.923791722,0,21230532372,8627506358,12603026014,-1,pbsm,dj,bnlj,repj
OSM2015_buildings_data_big_03.csv,OSM2015_roads_data_big_03.csv,0,1932353726,-1,565696,170790926,12.716559349,565696,1273711354,5.143086972,0,1703214711,458562516,1244652195,-1,dj,pbsm,bnlj,repj
TIGER2017_LINEARWATER_data_big_18.csv,OSM2015_buildings_data_big_03.csv,0,181745291,-1,18686,29418019,21.788921381,18686,2055315807,21.625710137,0,7321096198,826285246,6494810952,-1,dj,pbsm,bnlj,repj
TIGER2017_LINEARWATER_data_big_23.csv,OSM2015_buildings_data_big_03.csv,0,229275174,-1,143005,275530692,23.445597295,143005,4225653550,22.86217392,0,5609506531,2130143521,3479363010,-1,dj,pbsm,bnlj,repj
OSM2015_buildings_data_big_03.csv,TIGER2018_EDGES_data_big_04.csv,0,1020717509,-1,101147,42033095,14.623970935,101147,833848452,5.331802505,0,1569912005,0,1569912005,-1,dj,pbsm,bnlj,repj
OSM2015_buildings_data_big_03.csv,TIGER2018_EDGES_data_big_05.csv,0,637522249,-1,4568,2240424,16.434547653,4568,193171454,4.926837729,0,1418602159,5113019,1413489140,-1,dj,pbsm,bnlj,repj
OSM2015_buildings_data_big_03.csv,TIGER2018_EDGES_data_big_10.csv,0,215840825,-1,33772,13821436,18.351641533,33772,708661653,10.484586097,0,2275316944,267123774,2008193170,-1,dj,pbsm,bnlj,repj
OSM2015_buildings_data_big_03.csv,TIGER2018_EDGES_data_big_11.csv,0,1291292574,-1,51458,32496015,15.843832736,51458,1069074177,9.136901177,0,1263460230,171045245,1092414985,-1,dj,pbsm,bnlj,repj
TIGER2018_EDGES_data_big_16.csv,OSM2015_buildings_data_big_03.csv,0,178419845,-1,417598,547291859,15.820522367,417598,4827541766,16.445377432,0,3087958373,497765910,2590192463,-1,pbsm,dj,bnlj,repj
OSM2015_buildings_data_big_03.csv,TIGER2018_EDGES_data_big_17.csv,0,2115314122,-1,74992,37343403,16.221484988,74992,692404517,6.086938988,0,1385053174,18401924,1366651250,-1,dj,pbsm,bnlj,repj
TIGER2018_EDGES_data_big_22.csv,OSM2015_buildings_data_big_03.csv,0,418563504,-1,305088,88398682,13.831294504,305088,2067497191,12.086634066,0,2744830819,0,2744830819,-1,dj,pbsm,bnlj,repj
TIGER2018_EDGES_data_big_28.csv,OSM2015_buildings_data_big_03.csv,0,50380920,-1,6802701,812639814,16.613460229,6802701,10221881190,27.633873317,0,7335927824,3585947691,3749980133,-1,pbsm,dj,bnlj,repj
OSM2015_buildings_data_big_03.csv,TIGER2018_EDGES_data_big_34.csv,0,0,-1,3651752,652609645,11.446726139,3651752,9053630883,15.788960371,0,3794756579,3215530199,579226380,-1,pbsm,dj,bnlj,repj
OSM2015_buildings_data_big_03.csv,TIGER2018_EDGES_data_big_35.csv,0,0,-1,9548,1108948,12.159967851,9548,99676939,4.821720408,0,473100937,10638802,462462135,-1,dj,pbsm,bnlj,repj
OSM2015_buildings_data_big_03.csv,TIGER2018_FACES_data_big_04.csv,0,1334833956,-1,189577,30820146,11.656816617,189577,782673883,5.351708184,0,2077076575,0,2077076575,-1,dj,pbsm,bnlj,repj
OSM2015_buildings_data_big_03.csv,TIGER2018_FACES_data_big_05.csv,0,1149848987,-1,66758,21245022,15.100473724,66758,719852269,4.8135975,0,1852056719,120173219,1731883500,-1,dj,pbsm,bnlj,repj
OSM2015_buildings_data_big_03.csv,TIGER2018_FACES_data_big_06.csv,0,697736014,-1,7197,1715715,15.440353553,7197,168153557,4.729513187,0,1802568829,166985569,1635583260,-1,dj,pbsm,bnlj,repj
TIGER2018_FACES_data_big_11.csv,OSM2015_buildings_data_big_03.csv,0,154543180,-1,32965,6060417,12.246598337,32965,447223898,5.624718158,0,4954055382,1126756071,3827299311,-1,dj,pbsm,bnlj,repj
OSM2015_buildings_data_big_03.csv,TIGER2018_FACES_data_big_12.csv,0,259398141,-1,39953,12070953,16.773468888,39953,946404627,10.358133037,0,2224872645,77240375,2147632270,-1,dj,pbsm,bnlj,repj
OSM2015_buildings_data_big_03.csv,TIGER2018_FACES_data_big_13.csv,0,1543583094,-1,111509,64266436,15.434527815,111509,1457051479,7.182264242,0,1710589831,251912736,1458677095,-1,dj,pbsm,bnlj,repj
TIGER2018_FACES_data_big_18.csv,OSM2015_buildings_data_big_03.csv,0,233610810,-1,10902,1863123,14.781512965,10902,443438204,5.223378625,0,6015263575,1221474539,4793789036,-1,dj,pbsm,bnlj,repj
TIGER2018_FACES_data_big_19.csv,OSM2015_buildings_data_big_03.csv,0,188693649,-1,868693,951786280,16.735498638,868693,7952202701,21.83509811,0,4144524905,742481073,3402043832,-1,pbsm,dj,bnlj,repj
OSM2015_buildings_data_big_03.csv,TIGER2018_FACES_data_big_20.csv,0,2357032855,-1,133311,51913938,14.605752593,133311,805195941,5.812891676,0,1683060009,8335694,1674724315,-1,dj,pbsm,bnlj,repj
TIGER2018_FACES_data_big_25.csv,OSM2015_buildings_data_big_03.csv,0,245137506,-1,415572,43528964,16.994027196,415572,1579216242,7.562449282,0,6688108897,0,6688108897,-1,dj,pbsm,bnlj,repj
OSM2015_buildings_data_big_03.csv,TIGER2018_FACES_data_big_26.csv,0,12064,-1,214739,54863388,15.130807397,214739,1968870206,14.089394918,0,2708080188,176156118,2531924070,-1,dj,pbsm,bnlj,repj
TIGER2018_FACES_data_big_32.csv,OSM2015_buildings_data_big_03.csv,0,802742796,-1,618164,53242522,12.447836868,618164,2262472338,9.39341742,0,4878118608,934840530,3943278078,-1,dj,pbsm,bnlj,repj
TIGER2018_FACES_data_big_33.csv,OSM2015_buildings_data_big_03.csv,0,2483663877,-1,13336132,1288840582,18.576261861,13336132,13432911876,26.921977768,0,4368533557,0,4368533557,-1,pbsm,dj,bnlj,repj
OSM2015_buildings_data_big_03.csv,TIGER2018_FACES_data_big_40.csv,0,0,-1,8264870,1402852174,13.68453425,8264870,14321070223,18.011158432,0,12089903961,10854916011,1234987950,-1,pbsm,dj,bnlj,repj
OSM2015_buildings_data_big_03.csv,TIGER2018_FACES_data_big_41.csv,0,0,-1,9752,636827,11.759935969,9752,68492881,4.055519927,0,389109977,16907557,372202420,-1,dj,pbsm,bnlj,repj
OSM2015_buildings_data_big_12.csv,OSM2015_roads_data_big_10.csv,2953134,1768337373,22.708617407,2953134,733793831,16.637203672,2953134,1544854369,6.141926135,2927986,1597236348,1421388912,175847436,23.423338592,dj,pbsm,bnlj,repj
OSM2015_buildings_data_big_12.csv,OSM2015_roads_data_big_11.csv,408021,827471880,11.32416896,408021,68784979,8.30856489,408021,339393089,4.515839264,0,566478410,447787895,118690515,-1,dj,pbsm,bnlj,repj
OSM2015_buildings_data_big_15_09.csv,OSM2015_lakes_data_big_10.csv,0,1516092993,-1,646530371,1626870702,21.058411078,646530371,10883065201,44.301942628,0,13031407580,4009489396,9021918184,-1,pbsm,dj,bnlj,repj
OSM2015_buildings_data_big_15_09.csv,OSM2015_parks_data_big_07.csv,0,188646529,-1,3867393,11127941,11.241946815,3867393,621567245,4.917366297,0,1962317656,0,1962317656,-1,dj,pbsm,bnlj,repj
OSM2015_buildings_data_big_15_09.csv,OSM2015_parks_data_big_12.csv,0,2434527229,-1,100441376,1074504877,23.512793591,100441376,28030054182,37.479502502,0,19443099200,11100734592,8342364608,-1,pbsm,dj,bnlj,repj
OSM2015_roads_data_big_12.csv,OSM2015_buildings_data_big_15_09.csv,0,988738622,-1,17160123,1815435506,27.103978984,17160123,23414830660,40.663539123,0,22114590735,9574204310,12540386425,-1,pbsm,dj,bnlj,repj
OSM2015_roads_data_big_13.csv,OSM2015_buildings_data_big_15_09.csv,0,0,-1,2616316,100482142,26.58366767,2616316,4096228481,6.092192791,0,29109406269,3885314717,25224091552,-1,dj,pbsm,bnlj,repj
OSM2015_buildings_data_big_15_10.csv,OSM2015_lakes_data_big_10.csv,0,1662276674,-1,1774755223,4093626547,27.508689226,1774755308,23424964026,71.898548307,0,19692048362,8157697266,11534351096,-1,pbsm,dj,bnlj,repj
OSM2015_buildings_data_big_15_10.csv,OSM2015_parks_data_big_07.csv,0,1026933976,-1,1078069,2747206,10.526596373,1078069,533704788,4.773852569,0,2586829556,78043692,2508785864,-1,dj,pbsm,bnlj,repj
OSM2015_buildings_data_big_15_10.csv,OSM2015_parks_data_big_08.csv,0,831445922,-1,667895,3991542,15.243660575,667895,368023929,4.035602781,0,3380833715,233010347,3147823368,-1,dj,pbsm,bnlj,repj
OSM2015_buildings_data_big_15_10.csv,OSM2015_parks_data_big_12.csv,0,2216269499,-1,43253926,377051397,19.183499973,43253925,11961529503,16.83042838,0,21794415280,11128860528,10665554752,-1,dj,pbsm,bnlj,repj
OSM2015_parks_data_big_13.csv,OSM2015_buildings_data_big_15_10.csv,0,17604909754,-1,43326353,730885115,44.082842196,43326353,33603361672,39.196706424,0,44642523378,8686743210,35955780168,-1,dj,pbsm,bnlj,repj
OSM2015_roads_data_big_13.csv,OSM2015_buildings_data_big_15_10.csv,0,0,-1,29812613,2527145212,52.078989498,29812613,49471290506,65.258005709,0,67197543430,34910720422,32286823008,-1,pbsm,dj,bnlj,repj
OSM2015_buildings_data_big_15_11.csv,OSM2015_lakes_data_big_10.csv,0,3755895569,-1,961665270,2491322906,43.200021186,961665308,27074953968,85.874291793,0,31452276098,17005786854,14446489244,-1,pbsm,dj,bnlj,repj
OSM2015_buildings_data_big_15_11.csv,OSM2015_parks_data_big_08.csv,0,94778388,-1,592770,1764165,14.066629423,592770,164572140,3.934102961,0,3969589511,27018659,3942570852,-1,dj,pbsm,bnlj,repj
OSM2015_parks_data_big_13.csv,OSM2015_buildings_data_big_15_11.csv,0,12084726929,-1,117254879,2577125623,58.130323314,117254879,74928516805,75.956040435,0,100827632840,55822233576,45005399264,-1,pbsm,dj,bnlj,repj
OSM2015_roads_data_big_13.csv,OSM2015_buildings_data_big_15_11.csv,0,0,-1,45956889,3729410859,51.5510429,45956889,74013475097,80.417956536,0,86797411470,46384399886,40413011584,-1,pbsm,dj,bnlj,repj
OSM2015_lakes_data_big_10.csv,OSM2015_buildings_data_big_15_13.csv,0,1791660212,-1,57820464,175964666,14.46505479,57820464,1856831763,8.896168413,0,1680688677,434319861,1246368816,-1,dj,pbsm,bnlj,repj
OSM2015_parks_data_big_12.csv,OSM2015_buildings_data_big_15_13.csv,0,31117965,-1,9244135,262564683,12.625866346,9244135,4348854768,9.979236677,0,6702692549,5545350077,1157342472,-1,dj,pbsm,bnlj,repj
OSM2015_roads_data_big_12.csv,OSM2015_buildings_data_big_15_13.csv,0,867668797,-1,3165857,242352572,14.980228416,3165857,2988441144,10.492560691,0,3872289486,2141221686,1731067800,-1,dj,pbsm,bnlj,repj
OSM2015_roads_data_big_13.csv,OSM2015_buildings_data_big_15_13.csv,0,0,-1,906433,34184194,17.343410931,906433,1062626997,4.479150699,0,4596626084,1114706852,3481919232,-1,dj,pbsm,bnlj,repj
OSM2015_lakes_data_big_10.csv,OSM2015_buildings_data_big_15_14.csv,0,1936381990,-1,1374234566,2932418800,20.691589741,1374234662,8152529614,24.137625265,0,4361508101,409077353,3952430748,-1,pbsm,dj,bnlj,repj
OSM2015_parks_data_big_12.csv,OSM2015_buildings_data_big_15_14.csv,0,252921467,-1,14454143,193342545,10.939620491,14454143,3940299843,8.976602447,0,5196107063,1525992797,3670114266,-1,dj,pbsm,bnlj,repj
OSM2015_parks_data_big_13.csv,OSM2015_buildings_data_big_15_14.csv,0,0,-1,56697375,492726363,30.528282341,56697375,15973530014,21.312022735,0,12296451216,0,12296451216,-1,dj,pbsm,bnlj,repj
OSM2015_roads_data_big_13.csv,OSM2015_buildings_data_big_15_14.csv,0,0,-1,12115382,944921543,28.388269039,12115378,18355519084,30.376292052,0,31748663434,20706952138,11041711296,-1,pbsm,dj,bnlj,repj
OSM2015_lakes_data_big_10.csv,OSM2015_buildings_data_big_15_15.csv,0,55404129,-1,152658067,456611665,22.040742319,152658066,7773577359,29.826532614,0,5911076571,794624055,5116452516,-1,pbsm,dj,bnlj,repj
OSM2015_parks_data_big_13.csv,OSM2015_buildings_data_big_15_15.csv,0,0,-1,84678807,965553274,34.69694887,84678798,29437936687,40.825018196,0,49855858865,33938006593,15917852272,-1,pbsm,dj,bnlj,repj
OSM2015_roads_data_big_13.csv,OSM2015_buildings_data_big_15_15.csv,0,0,-1,14609172,1043488163,31.549440556,14609172,23160859730,33.900997916,0,36024575850,21730994218,14293581632,-1,pbsm,dj,bnlj,repj
OSM2015_parks_data_big_02.csv,OSM2015_lakes_data_big_05.csv,0,6375047192,-1,13677752,278999741,13.724793909,13677747,4706775464,10.32200412,0,1828301184,0,1828301184,-1,dj,pbsm,bnlj,repj
OSM2015_lakes_data_big_05.csv,OSM2015_roads_data_big_00.csv,182550,1864460249,59.767060996,182550,395684,38.44239994,182550,77236235,3.672268643,182550,1709573528,1364031569,345541959,65.549673778,dj,pbsm,bnlj,repj
OSM2015_lakes_data_big_05.csv,OSM2015_roads_data_big_01.csv,0,1490957054,-1,14567793,431789228,13.718203585,14567793,2569695732,7.494518304,0,4077376358,3239282759,838093599,-1,dj,pbsm,bnlj,repj
OSM2015_roads_data_big_02.csv,OSM2015_lakes_data_big_05.csv,0,2223579715,-1,99957653,753215920,26.79446447,99957655,13339504298,30.982746069,0,20996788790,11683879634,9312909156,-1,pbsm,dj,bnlj,repj
TIGER2017_LINEARWATER_data_big_17.csv,OSM2015_lakes_data_big_05.csv,0,936483872,-1,139881351,558019780,24.117001525,139881351,7735772363,34.336306666,0,9178388538,4693337196,4485051342,-1,pbsm,dj,bnlj,repj
TIGER2017_LINEARWATER_data_big_22.csv,OSM2015_lakes_data_big_05.csv,0,1014630397,-1,19373813,241464697,12.91480231,19373812,5631676476,17.830565181,0,3416233515,1845037185,1571196330,-1,pbsm,dj,bnlj,repj
OSM2015_lakes_data_big_05.csv,TIGER2018_EDGES_data_big_02.csv,0,414810746,-1,34607414,78324310,14.389594083,34607414,288852345,5.57700511,0,768003986,87860585,680143401,-1,dj,pbsm,bnlj,repj
OSM2015_lakes_data_big_05.csv,TIGER2018_EDGES_data_big_03.csv,0,476258286,-1,24355391,49983019,14.925585694,24355391,164880288,4.603149522,0,1088973896,11121764,1077852132,-1,dj,pbsm,bnlj,repj
TIGER2018_EDGES_data_big_08.csv,OSM2015_lakes_data_big_05.csv,0,1394382202,-1,173037492,560318911,18.005337487,173037491,9740612995,33.352590199,0,2513914128,0,2513914128,-1,pbsm,dj,bnlj,repj
TIGER2018_EDGES_data_big_09.csv,OSM2015_lakes_data_big_05.csv,0,880679926,-1,37466199,98047677,12.264442734,37466199,2434464552,7.019980774,0,2687829383,316751285,2371078098,-1,dj,pbsm,bnlj,repj
TIGER2018_EDGES_data_big_14.csv,OSM2015_lakes_data_big_05.csv,0,1272170752,-1,69028730,561308566,12.958366329,69028724,8088730625,23.795214233,0,4303769069,2418333473,1885435596,-1,pbsm,dj,bnlj,repj
TIGER2018_EDGES_data_big_15.csv,OSM2015_lakes_data_big_05.csv,0,967153535,-1,757759,14971678,14.77890014,757759,753863320,6.133314779,0,6409749170,3495894158,2913855012,-1,dj,pbsm,bnlj,repj
OSM2015_lakes_data_big_05.csv,TIGER2018_EDGES_data_big_19.csv,0,0,-1,31966106,168784057,13.666912075,31966103,3600867394,7.393113657,0,1944220817,1483903379,460317438,-1,dj,pbsm,bnlj,repj
TIGER2018_EDGES_data_big_20.csv,OSM2015_lakes_data_big_05.csv,0,1014335751,-1,47314945,388697946,11.157207292,47314944,7276274657,18.478815648,0,1485494712,0,1485494712,-1,pbsm,dj,bnlj,repj
TIGER2018_EDGES_data_big_21.csv,OSM2015_lakes_data_big_05.csv,0,2225024232,-1,53072239,198647608,20.169044097,53072239,4145911682,17.108573612,0,13059358180,9088516546,3970841634,-1,dj,pbsm,bnlj,repj
TIGER2018_EDGES_data_big_27.csv,OSM2015_lakes_data_big_05.csv,0,1676421254,-1,5407467,69079761,12.119466206,5407467,1095217884,6.229060595,0,2723333658,1352107770,1371225888,-1,dj,pbsm,bnlj,repj
OSM2015_lakes_data_big_05.csv,TIGER2018_FACES_data_big_02.csv,0,244649480,-1,26073635,56579098,11.341316807,26073635,209933086,4.781384337,0,409683568,77575351,332108217,-1,dj,pbsm,bnlj,repj
OSM2015_lakes_data_big_05.csv,TIGER2018_FACES_data_big_03.csv,0,475025536,-1,34702430,79090950,14.006047913,34702430,310110516,5.465657637,0,1227684481,66389731,1161294750,-1,dj,pbsm,bnlj,repj
TIGER2018_FACES_data_big_09.csv,OSM2015_lakes_data_big_05.csv,0,977275808,-1,181815625,640708024,14.741473648,181815627,9700590188,25.471013087,0,2398927468,142118194,2256809274,-1,pbsm,dj,bnlj,repj
TIGER2018_FACES_data_big_10.csv,OSM2015_lakes_data_big_05.csv,0,750365079,-1,150010574,427135927,15.287713967,150010572,9280762996,25.322531744,0,8813777927,5100041147,3713736780,-1,pbsm,dj,bnlj,repj
OSM2015_lakes_data_big_05.csv,TIGER2018_FACES_data_big_16.csv,0,3542862600,-1,99767677,793012836,12.536253145,99767664,9255908704,19.901744133,0,5892309057,4681438410,1210870647,-1,pbsm,dj,bnlj,repj
TIGER2018_FACES_data_big_17.csv,OSM2015_lakes_data_big_05.csv,0,1123057071,-1,30837754,150078235,14.925650602,30837753,4388570620,17.844897812,0,4671852802,1300922494,3370930308,-1,pbsm,dj,bnlj,repj
OSM2015_lakes_data_big_05.csv,TIGER2018_FACES_data_big_23.csv,0,205347379,-1,102412902,485343045,14.470862523,102412910,8300607563,17.505006475,0,2355085763,872313038,1482772725,-1,pbsm,dj,bnlj,repj
TIGER2018_FACES_data_big_24.csv,OSM2015_lakes_data_big_05.csv,0,2990198600,-1,113165843,641116243,20.247700351,113165843,12893373848,27.254240889,0,10403027672,6889261334,3513766338,-1,pbsm,dj,bnlj,repj
OSM2015_lakes_data_big_05.csv,TIGER2018_FACES_data_big_31.csv,0,0,-1,10054709,110953651,9.408148923,10054709,1638675329,5.911023616,0,1600947726,1188300876,412646850,-1,dj,pbsm,bnlj,repj
OSM2015_lakes_data_big_06.csv,OSM2015_buildings_data_big_03.csv,0,851020073,-1,119114509,1305447935,36.411126614,119114509,9843685861,36.793177371,0,16443124584,4729269117,11713855467,-1,pbsm,dj,bnlj,repj
OSM2015_lakes_data_big_06.csv,OSM2015_parks_data_big_02.csv,0,1404291433,-1,538701357,3846489630,30.584686404,538701241,31628902075,43.562114098,0,39142846545,30408679746,8734166799,-1,pbsm,dj,bnlj,repj
OSM2015_lakes_data_big_06.csv,OSM2015_parks_data_big_03.csv,0,1414493180,-1,648814140,5505034785,28.576208824,648813536,46484827859,54.762135108,0,48956610251,40056941519,8899668732,-1,pbsm,dj,bnlj,repj
OSM2015_lakes_data_big_06.csv,OSM2015_parks_data_big_08.csv,0,0,-1,54858,585277,41.811702692,54858,6963919,3.688706939,0,4728544907,6809855,4721735052,-1,dj,pbsm,bnlj,repj
OSM2015_roads_data_big_02.csv,OSM2015_lakes_data_big_06.csv,0,629474051,-1,1492408998,4998740624,47.251605795,1492409016,41984710500,81.046440442,0,82425883023,37520191503,44905691520,-1,pbsm,dj,bnlj,repj
OSM2015_lakes_data_big_06.csv,OSM2015_roads_data_big_03.csv,0,1009993335,-1,48527438,678439130,25.586742788,48527438,15871018186,39.003666969,0,14237754655,9800935654,4436819001,-1,pbsm,dj,bnlj,repj
OSM2015_lakes_data_big_06.csv,TIGER2017_LINEARWATER_data_big_17.csv,0,2860964491,-1,420364460,992723561,43.620051846,420364442,6448578924,18.226901422,0,24840553131,3069335319,21771217812,-1,dj,pbsm,bnlj,repj
OSM2015_lakes_data_big_06.csv,TIGER2017_LINEARWATER_data_big_18.csv,0,3640489065,-1,1642437244,3639472394,55.826743887,1642437286,21994833977,61.840295158,0,37570522207,14355479701,23215042506,-1,pbsm,dj,bnlj,repj
OSM2015_lakes_data_big_06.csv,TIGER2017_LINEARWATER_data_big_22.csv,0,4063599513,-1,76251704,291042005,28.351565817,76251699,5103939986,15.739858451,0,11332154409,3714912876,7617241533,-1,dj,pbsm,bnlj,repj
OSM2015_lakes_data_big_06.csv,TIGER2017_LINEARWATER_data_big_23.csv,0,604355934,-1,91802274,414707138,33.055802411,91802273,9196089576,30.773334351,0,20405581200,7996476780,12409104420,-1,dj,pbsm,bnlj,repj
OSM2015_lakes_data_big_06.csv,TIGER2018_EDGES_data_big_03.csv,0,1558725502,-1,32349172,82655254,30.26992084,32349172,1500376825,5.665110719,0,6027925546,843970054,5183955492,-1,dj,pbsm,bnlj,repj
OSM2015_lakes_data_big_06.csv,TIGER2018_EDGES_data_big_04.csv,0,1434379143,-1,157802185,347806494,28.823625969,157802185,2562609320,11.793589066,0,6488841924,892567365,5596274559,-1,dj,pbsm,bnlj,repj
OSM2015_lakes_data_big_06.csv,TIGER2018_EDGES_data_big_05.csv,0,1053947713,-1,53698404,122197213,35.918022271,53698411,1720896840,8.369652065,0,5644468169,605795117,5038673052,-1,dj,pbsm,bnlj,repj
OSM2015_lakes_data_big_06.csv,TIGER2018_EDGES_data_big_09.csv,0,2893514686,-1,926487397,2041930412,31.298558666,926487357,14257892216,28.744373196,0,14460502371,2972670966,11487831405,-1,dj,pbsm,bnlj,repj
OSM2015_lakes_data_big_06.csv,TIGER2018_EDGES_data_big_10.csv,0,2269732063,-1,1738727370,3598947222,28.947488991,1738727411,11968211929,20.537472818,0,10998625049,3840007043,7158618006,-1,dj,pbsm,bnlj,repj
OSM2015_lakes_data_big_06.csv,TIGER2018_EDGES_data_big_11.csv,0,1401829394,-1,55235617,220575873,23.595910071,55235627,8658214838,19.051726436,0,12547824960,8653686837,3894138123,-1,dj,pbsm,bnlj,repj
OSM2015_lakes_data_big_06.csv,TIGER2018_EDGES_data_big_15.csv,0,289589419,-1,79694140,207851927,35.65844901,79694140,5572844463,15.667379367,0,16944095926,2853529972,14090565954,-1,dj,pbsm,bnlj,repj
OSM2015_lakes_data_big_06.csv,TIGER2018_EDGES_data_big_16.csv,0,147129087,-1,1058302466,2288388065,29.74132738,1058302431,10317059211,22.738772142,0,13012896257,3780951362,9231944895,-1,dj,pbsm,bnlj,repj
OSM2015_lakes_data_big_06.csv,TIGER2018_EDGES_data_big_17.csv,0,666106500,-1,116181503,402072292,24.890282598,116181502,7312153253,20.488428902,0,8687100821,3815391071,4871709750,-1,dj,pbsm,bnlj,repj
OSM2015_lakes_data_big_06.csv,TIGER2018_EDGES_data_big_21.csv,0,0,-1,275832861,770001843,43.441724378,275832858,12494329588,34.496019041,0,23579051778,4492641216,19086410562,-1,dj,pbsm,bnlj,repj
OSM2015_lakes_data_big_06.csv,TIGER2018_EDGES_data_big_22.csv,0,4608642861,-1,13453527,102569703,29.874786933,13453527,4386918224,16.25038722,0,12555458186,2743669463,9811788723,-1,dj,pbsm,bnlj,repj
OSM2015_lakes_data_big_06.csv,TIGER2018_EDGES_data_big_27.csv,0,694456051,-1,31738673,183617435,26.595891693,31738673,7918049993,17.702320655,0,12694739505,6173748033,6520991472,-1,dj,pbsm,bnlj,repj
OSM2015_lakes_data_big_06.csv,TIGER2018_EDGES_data_big_28.csv,0,0,-1,209134197,598740029,29.297815295,209134197,12251632263,21.619974779,0,17330037465,3980428317,13349609148,-1,dj,pbsm,bnlj,repj
OSM2015_lakes_data_big_06.csv,TIGER2018_EDGES_data_big_34.csv,0,0,-1,30550688,164149433,31.195418479,30550688,4833193889,7.37467067,0,6942287775,4877516091,2064771684,-1,dj,pbsm,bnlj,repj
OSM2015_lakes_data_big_06.csv,TIGER2018_EDGES_data_big_35.csv,0,0,-1,24113842,70924894,19.991397799,24113842,1534199131,7.729181631,0,3363390721,1714849228,1648541493,-1,dj,pbsm,bnlj,repj
OSM2015_lakes_data_big_06.csv,TIGER2018_FACES_data_big_03.csv,0,1538320082,-1,34187768,72213379,27.78558966,34187768,994912645,5.524855832,0,5851951128,266676378,5585274750,-1,dj,pbsm,bnlj,repj
OSM2015_lakes_data_big_06.csv,TIGER2018_FACES_data_big_04.csv,0,2061722028,-1,119855232,288145776,24.209352899,119855232,3328757307,11.087809292,0,7579728733,175561648,7404167085,-1,dj,pbsm,bnlj,repj
OSM2015_lakes_data_big_06.csv,TIGER2018_FACES_data_big_05.csv,0,1713439395,-1,166870049,364087712,22.291607935,166870049,2259208190,6.948616619,0,6340698314,167043014,6173655300,-1,dj,pbsm,bnlj,repj
OSM2015_lakes_data_big_06.csv,TIGER2018_FACES_data_big_06.csv,0,1225727921,-1,46691938,113792801,27.63051509,46691936,2163715120,6.518768151,0,6423358744,592985476,5830373268,-1,dj,pbsm,bnlj,repj
OSM2015_lakes_data_big_06.csv,TIGER2018_FACES_data_big_10.csv,0,4560185206,-1,915685739,2024628751,37.50345449,915685683,9180064055,18.011360119,0,21333373364,3353472140,17979901224,-1,dj,pbsm,bnlj,repj
OSM2015_lakes_data_big_06.csv,TIGER2018_FACES_data_big_11.csv,0,3782954147,-1,1770946576,3696439075,36.215512341,1770946548,19156931722,28.815783119,0,17995313741,4284125300,13711188441,-1,dj,pbsm,bnlj,repj
OSM2015_lakes_data_big_06.csv,TIGER2018_FACES_data_big_12.csv,0,2731461400,-1,1535033090,3215835802,29.07708968,1535033104,12086091493,19.944667807,0,13012510686,5356833300,7655677386,-1,dj,pbsm,bnlj,repj
OSM2015_lakes_data_big_06.csv,TIGER2018_FACES_data_big_13.csv,0,1899654471,-1,65513077,300863164,25.405686007,65513069,11756995497,23.551486678,0,16797542958,11597788137,5199754821,-1,dj,pbsm,bnlj,repj
OSM2015_lakes_data_big_06.csv,TIGER2018_FACES_data_big_17.csv,0,166289128,-1,3402727,20148731,37.733802464,3402727,1749942759,5.117052155,0,16636350945,310631256,16325719689,-1,dj,pbsm,bnlj,repj
OSM2015_lakes_data_big_06.csv,TIGER2018_FACES_data_big_18.csv,0,79926334,-1,969051359,2058258528,38.428386011,969051480,10854473869,24.121203235,0,18152563138,1001983822,17150579316,-1,dj,pbsm,bnlj,repj
OSM2015_lakes_data_big_06.csv,TIGER2018_FACES_data_big_19.csv,0,316136528,-1,849930606,1979791406,34.774494076,849930784,14141960613,28.208242514,0,15896133438,3776388564,12119744874,-1,dj,pbsm,bnlj,repj
OSM2015_lakes_data_big_06.csv,TIGER2018_FACES_data_big_20.csv,0,847761219,-1,142278971,513406641,24.34981583,142278980,8659686660,27.446928665,0,11542785531,5572885914,5969899617,-1,pbsm,dj,bnlj,repj
OSM2015_lakes_data_big_06.csv,TIGER2018_FACES_data_big_24.csv,0,1312464777,-1,142983103,421013005,42.7793125,142983103,6641798881,14.852118931,0,18704135731,1855040506,16849095225,-1,dj,pbsm,bnlj,repj
OSM2015_lakes_data_big_06.csv,TIGER2018_FACES_data_big_25.csv,0,0,-1,262831160,738733262,50.013519796,262831151,12695887624,35.753476075,0,25982274257,2123633087,23858641170,-1,dj,pbsm,bnlj,repj
OSM2015_lakes_data_big_06.csv,TIGER2018_FACES_data_big_26.csv,0,4521083259,-1,8426885,106972887,34.043156005,8426885,5222105211,15.632008548,0,11420891487,2395326861,9025564626,-1,dj,pbsm,bnlj,repj
OSM2015_lakes_data_big_06.csv,TIGER2018_FACES_data_big_31.csv,0,785997552,-1,10542954,72361378,19.424860347,10542954,1883178289,5.777477083,0,7233142165,5248507315,1984634850,-1,dj,pbsm,bnlj,repj
OSM2015_lakes_data_big_06.csv,TIGER2018_FACES_data_big_32.csv,0,0,-1,214796597,675522032,35.20173781,214796597,14945097225,23.136555624,0,21539938588,7462591918,14077346670,-1,dj,pbsm,bnlj,repj
OSM2015_lakes_data_big_06.csv,TIGER2018_FACES_data_big_33.csv,0,0,-1,175827231,517587649,52.68077641,175827231,13452565734,20.475426787,0,20770513559,5160892556,15609621003,-1,dj,pbsm,bnlj,repj
OSM2015_lakes_data_big_06.csv,TIGER2018_FACES_data_big_40.csv,0,0,-1,79436244,403593903,51.645256671,79436244,8074575863,12.66692907,79410815,14264889479,9862520669,4402368810,84.093567257,dj,pbsm,repj,bnlj
OSM2015_lakes_data_big_06.csv,TIGER2018_FACES_data_big_41.csv,0,0,-1,2983288,19342365,16.449304835,2983288,1360877032,5.09876385,0,3089586409,1762794253,1326792156,-1,dj,pbsm,bnlj,repj
OSM2015_parks_data_big_03.csv,OSM2015_lakes_data_big_07.csv,0,5235998262,-1,5524143,147330030,9.98512094,5524133,1919239107,10.619669748,0,898225868,488997373,409228495,-1,pbsm,dj,bnlj,repj
OSM2015_parks_data_big_08.csv,OSM2015_lakes_data_big_07.csv,0,1190249455,-1,62,26676,8.232673886,62,176111745,4.601564685,0,220353805,0,220353805,-1,dj,pbsm,bnlj,repj
OSM2015_roads_data_big_03.csv,OSM2015_lakes_data_big_07.csv,0,3244934619,-1,15441,288119,8.746060791,15441,42287726,4.045289996,0,207762159,0,207762159,-1,dj,pbsm,bnlj,repj
OSM2015_lakes_data_big_10.csv,OSM2015_buildings_data_big_14.csv,0,1464224812,-1,855808,15726488,18.031284621,855808,128446726,3.82484229,0,998508119,320350793,678157326,-1,dj,pbsm,bnlj,repj
OSM2015_lakes_data_big_10.csv,OSM2015_buildings_data_big_15_05.csv,0,632298559,-1,56116926,179066250,15.88423634,56116925,2005461891,10.363989971,0,2315545294,271279462,2044265832,-1,dj,pbsm,bnlj,repj
OSM2015_lakes_data_big_10.csv,OSM2015_buildings_data_big_15_06.csv,0,1614873932,-1,444598547,1198518228,20.794367535,444598589,9490710141,36.077950791,0,8417088236,1792383716,6624704520,-1,pbsm,dj,bnlj,repj
OSM2015_lakes_data_big_10.csv,OSM2015_buildings_data_big_16.csv,0,2044987864,-1,116558989,1401565668,20.269680655,116558995,10706140781,35.683551795,0,8918520180,2329258200,6589261980,-1,pbsm,dj,bnlj,repj
OSM2015_lakes_data_big_10.csv,OSM2015_buildings_data_big_21.csv,0,1476932870,-1,95213097,298293217,20.913118685,95213121,2391774906,11.001672412,0,2534079682,7241536,2526838146,-1,dj,pbsm,bnlj,repj
OSM2015_lakes_data_big_10.csv,OSM2015_buildings_data_big_22.csv,0,597862552,-1,21580356,120279447,14.220458187,21580356,1700407296,7.577605403,0,4044488347,476190271,3568298076,-1,dj,pbsm,bnlj,repj
OSM2015_lakes_data_big_10.csv,OSM2015_parks_data_big_07.csv,0,1122406332,-1,50766082,304606378,12.130080991,50766082,3653080680,10.033576548,0,3329501236,1764615004,1564886232,-1,dj,pbsm,bnlj,repj
OSM2015_lakes_data_big_10.csv,OSM2015_parks_data_big_08.csv,0,1088891043,-1,32044556,592131648,14.674600514,32044550,5995238514,16.110502825,0,6462366867,4498873083,1963493784,-1,pbsm,dj,bnlj,repj
OSM2015_lakes_data_big_10.csv,OSM2015_parks_data_big_12.csv,0,5011327381,-1,593098667,2096952791,24.687973908,593098662,16054621020,38.066052446,0,11305398807,4652627031,6652771776,-1,pbsm,dj,bnlj,repj
OSM2015_parks_data_big_13.csv,OSM2015_lakes_data_big_10.csv,0,7810634540,-1,1563715575,7826089886,57.389394143,1563715514,68971318342,117.230879895,0,55926176368,33542683152,22383493216,-1,pbsm,dj,bnlj,repj
OSM2015_roads_data_big_12.csv,OSM2015_lakes_data_big_10.csv,0,2427748713,-1,197147670,1027300118,35.22753824,197147669,11715045624,36.516479939,0,20505085800,10512454900,9992630900,-1,pbsm,dj,bnlj,repj
OSM2015_roads_data_big_13.csv,OSM2015_lakes_data_big_10.csv,0,1352373331,-1,2286538263,7355707595,57.632029096,2286538253,61711080600,129.929255024,0,62804141492,42704678196,20099463296,-1,pbsm,dj,bnlj,repj
OSM2015_lakes_data_big_10.csv,OSM2015_roads_data_big_17.csv,0,667817402,-1,31434413,130062205,16.83404266,31434413,1969900187,7.813958627,0,4287039750,0,4287039750,-1,dj,pbsm,bnlj,repj
OSM2015_lakes_data_big_10.csv,OSM2015_roads_data_big_18.csv,0,1216362401,-1,146306028,508980753,19.708436941,146306034,6109593958,16.559320098,0,9460578384,4804151868,4656426516,-1,dj,pbsm,bnlj,repj
OSM2015_buildings_data_big_16.csv,OSM2015_lakes_data_big_11.csv,0,2792765810,-1,14465859,137639381,16.701560258,14465860,2486686869,9.436118762,0,4780929711,1736282631,3044647080,-1,dj,pbsm,bnlj,repj
OSM2015_buildings_data_big_22.csv,OSM2015_lakes_data_big_11.csv,0,3600114199,-1,29421052,319736411,12.716813712,29421052,4344035576,14.314091007,0,2315824618,647887522,1667937096,-1,pbsm,dj,bnlj,repj
OSM2015_lakes_data_big_11.csv,OSM2015_parks_data_big_08.csv,0,2328865745,-1,11799,1864622,9.665724797,11799,282073208,4.466127497,0,1046435532,142605060,903830472,-1,dj,pbsm,bnlj,repj
OSM2015_parks_data_big_13.csv,OSM2015_lakes_data_big_11.csv,0,3674452374,-1,115343615,982347769,31.347303068,115343639,17014537984,27.936256607,0,24523062885,14144787621,10378275264,-1,dj,pbsm,bnlj,repj
OSM2015_roads_data_big_13.csv,OSM2015_lakes_data_big_11.csv,0,950249787,-1,20512875,164798875,24.200039052,20512887,4843052321,15.445118176,0,13503456733,4184189149,9319267584,-1,dj,pbsm,bnlj,repj
OSM2015_roads_data_big_18.csv,OSM2015_lakes_data_big_11.csv,0,3649604147,-1,21719861,270954519,10.573913131,21719861,4793729496,9.797338071,0,4328401869,2157436125,2170965744,-1,dj,pbsm,bnlj,repj
OSM2015_parks_data_big_12.csv,OSM2015_lakes_data_big_13.csv,0,123532995,-1,196417,813696,11.351869028,196417,19989952,3.522801872,0,1061103654,7250022,1053853632,-1,dj,pbsm,bnlj,repj
OSM2015_roads_data_big_17.csv,OSM2015_lakes_data_big_13.csv,0,58362104,-1,2516033,11809377,9.653986995,2516033,183060220,3.886419943,0,816245536,140698336,675547200,-1,dj,pbsm,bnlj,repj
OSM2015_roads_data_big_21.csv,OSM2015_lakes_data_big_13.csv,0,2100610829,-1,8779052,294111981,9.488211597,8779052,3481544296,11.75493498,0,2489445371,2138160827,351284544,-1,pbsm,dj,bnlj,repj
OSM2015_lakes_data_big_13.csv,OSM2015_roads_data_big_22.csv,0,2417497786,-1,11078079,64397012,7.44938957,11078079,992725852,4.262661242,0,199651513,43262733,156388780,-1,dj,pbsm,bnlj,repj
OSM2015_buildings_data_big_21.csv,OSM2015_lakes_data_big_14.csv,0,567349869,-1,41625432,249097454,19.781642364,41625432,2038363566,8.305016533,0,2106835509,1399703501,707132008,-1,dj,pbsm,bnlj,repj
OSM2015_buildings_data_big_22.csv,OSM2015_lakes_data_big_14.csv,0,133575,-1,24424718,241897372,13.177173432,24424718,1993031641,10.656535002,0,3294236862,2281752396,1012484466,-1,dj,pbsm,bnlj,repj
OSM2015_parks_data_big_12.csv,OSM2015_lakes_data_big_14.csv,0,809801369,-1,7763287,64210608,11.931904257,7763287,1313792336,4.806214235,0,2293044806,412716512,1880328294,-1,dj,pbsm,bnlj,repj
OSM2015_parks_data_big_13.csv,OSM2015_lakes_data_big_14.csv,0,0,-1,177957477,630108916,30.413850071,177957476,7106129394,17.473211451,0,13031764202,6731860858,6299903344,-1,dj,pbsm,bnlj,repj
OSM2015_lakes_data_big_14.csv,OSM2015_parks_data_big_18.csv,0,297684369,-1,63911250,470182982,10.068332751,63911250,2989233467,8.694886152,0,668308022,192891878,475416144,-1,dj,pbsm,bnlj,repj
OSM2015_roads_data_big_17.csv,OSM2015_lakes_data_big_14.csv,0,1020436748,-1,59839659,243348166,15.630543361,59839670,2326565557,8.710242164,0,1869845032,664506382,1205338650,-1,dj,pbsm,bnlj,repj
OSM2015_roads_data_big_18.csv,OSM2015_lakes_data_big_14.csv,0,399033,-1,47892115,524828330,11.629960236,47892115,5904800112,16.025807991,0,6271907042,4954070118,1317836924,-1,pbsm,dj,bnlj,repj
OSM2015_lakes_data_big_14.csv,OSM2015_roads_data_big_22.csv,0,353221231,-1,46151744,141931379,11.469364443,46151744,610688967,7.107348592,0,1085576604,804076800,281499804,-1,dj,pbsm,bnlj,repj
OSM2015_buildings_data_big_22.csv,OSM2015_lakes_data_big_15.csv,0,1762409684,-1,10464073,89967737,14.319417143,10464075,4807437466,14.393487023,0,1579003221,693377508,885625713,-1,pbsm,dj,bnlj,repj
OSM2015_parks_data_big_13.csv,OSM2015_lakes_data_big_15.csv,0,1886215210,-1,54903658,258694246,30.644925537,54903680,21677209158,27.877940628,0,9325134599,3814574607,5510559992,-1,dj,pbsm,bnlj,repj
OSM2015_lakes_data_big_15.csv,OSM2015_parks_data_big_18.csv,0,3201519075,-1,55844745,340714633,10.126945768,55844746,3191485154,8.461224507,0,1961688629,1552302505,409386124,-1,dj,pbsm,bnlj,repj
OSM2015_roads_data_big_18.csv,OSM2015_lakes_data_big_15.csv,0,1016935330,-1,2878890,62786216,12.784306555,2878893,5711343243,10.658158281,0,3025306688,1872587506,1152719182,-1,dj,pbsm,bnlj,repj
